Key_0,Key_1,Key_2,Key_3,Key_4,Key_5,Key_6,Key_7,Key_8,Key_9,Key_10,Key_11,Key_12,Key_13,Key_14,Key_15,Key_16,Key_17,Key_18,Key_19,Key_20,Key_21,Key_22,Key_23,Key_24,Key_25,Key_26,Key_27,Key_28,Key_29,Key_30,Key_31,Key_32,Key_33,Key_34,Key_35,Key_36,Key_37,Key_38,Key_39,Key_40,Key_41,Key_42,Key_43,Key_44,Key_45,Key_46,Key_47,Key_48,Key_49,Key_50,Key_51,Key_52,Key_53,Key_54,Key_55,Key_56,Key_57,Key_58,Key_59,Key_60,Key_61,Key_62,Key_63,Key_64,Key_65,Key_66,Key_67,Key_68,Key_69,Key_70,Key_71
2.978e-07,1.103e-27,3.965e-07,7.981e-07,1.103e-27,1.103e-27,1.103e-27,1.103e-27,1.347e-27,1.765e-27,2.239e-27,2.723e-27,3.182e-27,3.743e-27,4.426e-27,5.227e-27,6.062e-27,6.861e-27,4.527e-07,2.649e-07,2.101e-07,7.453e-08,8.343e-07,2.638e-08,1.103e-27,1.307e-27,1.789e-27,2.338e-27,2.947e-27,3.574e-27,4.179e-27,4.932e-27,2.66e-07,6.959e-27,8.01e-27,9.397e-27,1.002e-06,3.725e-07,9.033e-07,7.218e-08,1.103e-27,9.028e-08,1.683e-27,2.473e-27,3.364e-27,4.347e-27,5.376e-27,6.49e-27,7.73e-27,9.38e-27,2.768e-07,1.319e-26,1.419e-26,5.405e-08,7.527e-07,1.103e-27,4.023e-08,1.103e-27,1.103e-27,1.103e-27,1.712e-27,2.497e-27,1.013e-06,4.408e-27,5.45e-27,6.567e-27,7.808e-27,9.46e-27,1.13e-26,1.335e-26,1.424e-26,1.425e-26
1.143e-07,1.056e-27,4.919e-07,8.189e-07,1.056e-27,7.823e-08,1.056e-27,1.056e-27,1.289e-27,1.689e-27,2.144e-27,2.606e-27,3.046e-27,3.584e-27,4.237e-27,5.003e-27,5.803e-27,6.568e-27,3.018e-08,1.056e-27,1.158e-07,2.737e-07,5.424e-07,1.6e-07,1.056e-27,1.251e-27,1.713e-27,2.238e-27,2.821e-27,3.422e-27,4.001e-27,4.722e-27,9.768e-07,6.662e-27,7.668e-27,8.995e-27,9.027e-07,3.554e-07,6.073e-07,2.388e-07,6.934e-09,3.315e-07,1.611e-27,2.367e-27,1.214e-07,4.162e-27,5.146e-27,6.213e-27,7.4e-27,8.979e-27,1.945e-07,1.263e-26,1.358e-26,1.985e-07,9.218e-07,1.056e-27,1.477e-07,1.056e-27,1.056e-27,1.056e-27,1.638e-27,2.39e-27,1.674e-06,4.22e-27,5.217e-27,6.287e-27,7.474e-27,5.367e-08,1.082e-26,1.278e-26,1.363e-26,4.349e-07
1.413e-07,2.401e-07,7.19e-07,7.93e-07,9.915e-28,1.816e-07,9.915e-28,9.915e-28,1.21e-27,1.586e-27,2.012e-27,2.447e-27,2.859e-27,3.364e-27,3.978e-27,4.697e-27,5.448e-27,6.166e-27,2.085e-07,9.915e-28,1.427e-07,5.196e-08,6.112e-07,1.466e-07,9.915e-28,1.167e-07,1.608e-27,2.101e-27,2.649e-27,3.212e-27,3.756e-27,4.433e-27,5.288e-27,6.254e-27,7.199e-27,8.445e-27,7.019e-07,5.861e-07,7.546e-07,9.915e-28,1.61e-08,9.915e-28,1.512e-27,2.222e-27,3.251e-07,3.907e-27,4.832e-27,5.833e-27,6.947e-27,8.43e-27,1.466e-06,1.185e-26,1.275e-26,1.275e-26,7.733e-07,9.915e-28,9.915e-28,9.915e-28,9.915e-28,9.915e-28,1.538e-27,3.338e-08,1.137e-06,3.962e-27,4.898e-27,5.902e-27,7.017e-27,7.723e-07,1.016e-26,1.2e-26,1.28e-26,1.01e-06
1.944e-07,3.812e-07,7.338e-07,2.513e-07,9.336e-28,9.336e-28,9.336e-28,8.867e-09,1.139e-27,1.493e-27,1.895e-27,2.304e-27,2.692e-27,3.168e-27,3.745e-27,4.423e-27,5.13e-27,5.806e-27,2.198e-07,9.336e-28,1.563e-07,8.249e-08,8.384e-07,8.863e-08,9.336e-28,1.853e-07,1.514e-27,1.978e-27,2.494e-27,3.025e-27,3.537e-27,4.174e-27,4.979e-27,5.889e-27,6.778e-27,7.952e-27,7.003e-07,4.95e-07,7.674e-07,9.336e-28,9.336e-28,9.336e-28,1.424e-27,2.092e-27,6.876e-08,2.033e-07,5.569e-08,5.492e-27,6.541e-27,7.938e-27,2.327e-06,1.116e-26,1.201e-26,1.201e-26,9.037e-07,9.336e-28,9.336e-28,9.336e-28,9.336e-28,9.336e-28,1.448e-27,5.299e-08,1.543e-06,3.73e-27,4.612e-27,5.557e-27,6.607e-27,1.442e-06,2.918e-06,1.13e-26,1.205e-26,2.138e-06
8.991e-08,8.707e-28,6.16e-07,5.17e-07,8.707e-28,3.454e-08,8.707e-28,9.717e-09,1.063e-27,1.393e-27,1.767e-27,2.149e-27,2.511e-27,2.954e-27,3.493e-27,4.125e-27,4.784e-27,5.415e-27,1.35e-07,8.707e-28,2.71e-07,8.707e-28,8.826e-07,9.713e-08,8.707e-28,1.031e-27,1.412e-27,1.845e-27,2.326e-27,2.821e-27,3.298e-27,3.893e-27,8.473e-08,5.493e-27,6.322e-27,1.106e-07,8.79e-07,5.301e-07,8.228e-07,8.707e-28,8.707e-28,8.707e-28,1.328e-27,4.613e-08,3.236e-07,1.141e-06,6.103e-08,5.122e-27,6.101e-27,7.403e-27,1.893e-06,1.041e-26,1.146e-07,1.241e-06,7.476e-07,8.707e-28,8.707e-28,4.209e-08,9.124e-08,8.707e-28,1.351e-27,1.971e-27,2.391e-06,5.829e-07,7.415e-08,1.386e-06,6.162e-27,2.418e-06,4.199e-06,1.054e-26,1.124e-26,4.724e-06
8.037e-28,8.037e-28,6.529e-07,4.076e-07,2.993e-08,6.325e-08,8.037e-28,8.037e-28,9.809e-28,1.285e-27,1.631e-27,1.983e-27,2.318e-27,2.727e-27,3.224e-27,3.807e-27,4.416e-27,4.998e-27,2.944e-07,8.037e-28,4.569e-07,8.037e-28,7.2e-07,5.906e-08,8.037e-28,9.519e-28,1.303e-27,1.703e-27,2.147e-27,2.604e-27,3.044e-27,3.593e-27,1.92e-06,5.07e-27,5.835e-27,8.34e-08,1.113e-06,6.413e-07,9.56e-07,8.037e-28,8.037e-28,3.913e-07,1.226e-27,1.905e-07,2.439e-07,2.054e-06,3.916e-27,6.259e-07,5.631e-27,8.954e-07,5.388e-06,6.886e-07,2.034e-06,1.665e-06,8.272e-07,8.037e-28,8.037e-28,3.608e-07,7.251e-08,8.037e-28,1.247e-27,1.819e-27,2.084e-06,4.394e-07,5.589e-08,3.382e-06,5.688e-27,4.41e-06,4.74e-06,9.728e-27,1.037e-26,5.582e-06
2.044e-07,7.415e-28,8.857e-07,8.547e-07,4.694e-08,1.896e-08,7.415e-28,7.415e-28,9.05e-28,1.186e-27,1.505e-27,1.83e-27,2.138e-27,2.516e-27,2.975e-27,3.513e-27,4.074e-27,4.611e-27,2.02e-07,7.415e-28,6.523e-07,3.269e-07,6.534e-07,1.927e-07,7.415e-28,8.783e-28,1.202e-27,1.571e-27,1.981e-27,2.402e-27,2.809e-27,3.315e-27,9.458e-07,4.677e-27,5.384e-27,5.526e-07,1.168e-06,9.617e-07,1.135e-06,7.415e-28,6.131e-07,6.136e-07,4.189e-07,1.254e-06,3.691e-07,2.925e-06,1.047e-06,3.925e-07,5.195e-27,2.255e-06,5.702e-06,3.508e-07,6.917e-06,3.719e-06,1.172e-06,7.415e-28,4.531e-08,8.665e-07,3.563e-07,2.018e-07,7.411e-07,9.556e-07,4.396e-06,1.865e-06,1.816e-06,5.156e-06,5.248e-27,6.309e-06,7.789e-06,8.975e-27,5.935e-06,1.176e-05
5.387e-07,8.37e-07,7.543e-07,9.473e-07,5.12e-07,5.62e-07,1.904e-07,1.159e-07,8.32e-28,1.09e-27,1.383e-27,1.238e-06,1.966e-27,2.313e-27,2.735e-27,3.229e-27,3.745e-27,4.239e-27,6.624e-07,1.026e-07,9.487e-07,4.972e-07,8.833e-07,3.257e-07,6.817e-28,3.024e-07,1.378e-07,1.444e-27,1.821e-27,2.208e-27,2.582e-27,3.048e-27,1.006e-07,4.3e-27,4.949e-27,3.087e-07,1.096e-06,1.426e-06,1.296e-06,2.126e-07,7.306e-07,1.398e-06,1.762e-06,2.533e-06,3.044e-06,6.117e-06,4.471e-06,5.31e-06,5.928e-06,6.879e-06,1.295e-05,8.233e-06,1.611e-05,1.796e-05,1.664e-06,6.817e-28,4.785e-07,1.368e-06,1.16e-06,1.265e-06,1.817e-06,3.423e-06,4.974e-06,4.621e-06,5.303e-06,9.43e-06,4.525e-06,1.192e-05,1.425e-05,8.251e-27,1.75e-05,2.079e-05
9.523e-07,7.447e-07,1.534e-06,1.281e-06,7.708e-07,1.006e-06,8.256e-07,7.894e-07,2.562e-07,1.011e-27,1.282e-27,2.166e-07,1.822e-27,2.144e-27,2.535e-27,2.993e-27,3.471e-27,3.929e-27,1.466e-06,4.489e-07,1.224e-06,1.016e-06,1.434e-06,1.197e-06,4.675e-07,1.135e-06,9.561e-07,6.209e-07,1.688e-27,2.047e-27,2.393e-27,2.825e-27,9.87e-07,3.985e-27,4.587e-27,2.298e-08,1.773e-06,2.291e-06,1.747e-06,1.339e-06,2.215e-06,3.318e-06,4.531e-06,6.371e-06,7.01e-06,1.273e-05,1.002e-05,1.563e-05,1.666e-05,2.235e-05,2.91e-05,2.679e-05,3.947e-05,4.134e-05,1.863e-06,5.177e-07,1.103e-06,2.523e-06,2.836e-06,3.51e-06,4.599e-06,6.961e-06,1.024e-05,1.265e-05,1.347e-05,1.858e-05,1.467e-05,2.788e-05,3.166e-05,2.894e-05,4.403e-05,4.025e-05
1.788e-06,1.445e-06,2.191e-06,2.098e-06,1.98e-06,2.205e-06,1.665e-06,1.796e-06,1.774e-06,9.322e-07,9.748e-07,1.948e-06,1.165e-06,1.288e-07,8.899e-08,8.024e-08,3.078e-07,3.631e-27,2.15e-06,1.647e-06,2.559e-06,1.403e-06,2.301e-06,2.145e-06,1.687e-06,2.094e-06,2.063e-06,1.453e-06,5.743e-07,4.601e-08,2.049e-07,1.572e-08,2.045e-06,4.809e-07,4.334e-08,7.334e-08,2.379e-06,3.225e-06,3.149e-06,3.133e-06,5.148e-06,7.733e-06,1.161e-05,1.579e-05,1.999e-05,2.882e-05,3.314e-05,3.956e-05,4.548e-05,5.539e-05,7.064e-05,7.509e-05,8.977e-05,9.118e-05,2.974e-06,1.635e-06,1.971e-06,4.326e-06,5.933e-06,8.235e-06,1.149e-05,1.695e-05,2.415e-05,2.942e-05,3.403e-05,4.291e-05,4.618e-05,6.322e-05,7.593e-05,7.808e-05,9.46e-05,9.725e-05
3.469e-06,3.327e-06,4.108e-06,3.762e-06,3.805e-06,3.711e-06,3.672e-06,3.665e-06,3.647e-06,2.763e-06,3.511e-06,4.167e-06,4.214e-06,3.159e-06,2.468e-06,1.945e-06,4.572e-06,8.04e-07,3.884e-06,3.369e-06,3.932e-06,3.705e-06,3.738e-06,3.83e-06,3.437e-06,3.753e-06,3.627e-06,3.221e-06,2.224e-06,1.399e-06,2.668e-06,7.874e-07,3.991e-06,1.203e-06,7.956e-07,2.009e-06,3.931e-06,5.188e-06,6.142e-06,7.373e-06,1.151e-05,1.775e-05,2.672e-05,3.773e-05,4.924e-05,6.596e-05,7.866e-05,9.485e-05,0.0001117,0.0001373,0.0001655,0.0001918,0.0002137,0.0002133,4.322e-06,3.527e-06,5.364e-06,8.189e-06,1.205e-05,1.834e-05,2.723e-05,3.878e-05,5.309e-05,6.67e-05,7.96e-05,0.0001002,0.0001118,0.0001447,0.0001722,0.0001939,0.0002196,0.0002195
5.795e-06,6.226e-06,6.704e-06,6.392e-06,6.323e-06,6.607e-06,6.164e-06,6.472e-06,6.597e-06,6.6e-06,6.342e-06,8.582e-06,8.01e-06,6.978e-06,7.14e-06,5.308e-06,1.064e-05,7.21e-06,6.45e-06,5.828e-06,6.677e-06,6.266e-06,6.362e-06,6.277e-06,5.997e-06,6.31e-06,5.98e-06,5.595e-06,5.482e-06,4.905e-06,4.287e-06,4.464e-06,3.859e-06,4.074e-06,8.556e-07,5.268e-06,6.348e-06,8.093e-06,1.056e-05,1.452e-05,2.384e-05,3.726e-05,5.658e-05,8.092e-05,0.0001085,0.0001411,0.0001733,0.0002086,0.0002466,0.0003001,0.0003594,0.0004193,0.0004601,0.0004608,7.096e-06,6.54e-06,9.908e-06,1.59e-05,2.446e-05,3.8e-05,5.781e-05,8.317e-05,0.0001123,0.0001446,0.0001763,0.0002134,0.000247,0.000307,0.0003711,0.0004253,0.0004716,0.0004681
9.797e-06,1.034e-05,1.041e-05,1.041e-05,1.043e-05,1.069e-05,1.061e-05,1.093e-05,1.129e-05,1.168e-05,1.192e-05,1.432e-05,1.382e-05,1.361e-05,1.461e-05,1.4e-05,1.855e-05,1.647e-05,1.048e-05,9.961e-06,1.057e-05,1.003e-05,1.041e-05,1.019e-05,9.858e-06,1.036e-05,1.034e-05,9.836e-06,9.718e-06,9.372e-06,9.352e-06,8.966e-06,9.455e-06,7.521e-06,4.452e-06,8.828e-06,1.025e-05,1.269e-05,1.826e-05,2.775e-05,4.512e-05,7.343e-05,0.000113,0.0001624,0.0002185,0.0002836,0.0003489,0.0004209,0.0005014,0.0006077,0.0007283,0.0008574,0.0009344,0.0009326,1.094e-05,1.16e-05,1.809e-05,2.913e-05,4.642e-05,7.472e-05,0.000115,0.0001663,0.0002243,0.0002901,0.0003549,0.000429,0.0005047,0.000619,0.0007414,0.0008689,0.0009472,0.0009481
1.573e-05,1.59e-05,1.636e-05,1.639e-05,1.661e-05,1.697e-05,1.715e-05,1.796e-05,1.882e-05,1.954e-05,2.039e-05,2.261e-05,2.316e-05,2.411e-05,2.67e-05,2.555e-05,3.183e-05,3.082e-05,1.617e-05,1.597e-05,1.658e-05,1.579e-05,1.639e-05,1.61e-05,1.596e-05,1.64e-05,1.677e-05,1.55e-05,1.515e-05,1.528e-05,1.531e-05,1.506e-05,1.587e-05,1.431e-05,1.074e-05,1.45e-05,1.636e-05,2.057e-05,3.142e-05,5.015e-05,8.315e-05,0.0001374,0.0002128,0.000308,0.0004162,0.0005397,0.0006653,0.0008037,0.0009565,0.00116,0.00139,0.001639,0.00178,0.001777,1.688e-05,1.952e-05,3.146e-05,5.199e-05,8.5e-05,0.0001396,0.000216,0.0003133,0.0004249,0.0005505,0.0006759,0.0008177,0.0009681,0.00118,0.001412,0.001667,0.001798,0.001796
2.428e-05,2.45e-05,2.484e-05,2.519e-05,2.54e-05,2.625e-05,2.664e-05,2.759e-05,2.949e-05,3.074e-05,3.263e-05,3.588e-05,3.664e-05,3.932e-05,4.139e-05,4.268e-05,5.048e-05,5.111e-05,2.485e-05,2.462e-05,2.523e-05,2.453e-05,2.468e-05,2.492e-05,2.469e-05,2.527e-05,2.525e-05,2.425e-05,2.4e-05,2.416e-05,2.384e-05,2.416e-05,2.545e-05,2.285e-05,2.163e-05,2.331e-05,2.484e-05,3.2e-05,5.166e-05,8.528e-05,0.0001435,0.0002391,0.0003719,0.0005403,0.0007318,0.0009487,0.001171,0.001414,0.001681,0.002041,0.002438,0.002878,0.003108,0.003108,2.556e-05,3.112e-05,5.194e-05,8.781e-05,0.0001462,0.0002432,0.0003781,0.0005492,0.0007454,0.0009664,0.001188,0.001435,0.001702,0.00207,0.002474,0.002923,0.003138,0.003139
3.467e-05,3.485e-05,3.548e-05,3.572e-05,3.611e-05,3.753e-05,3.831e-05,3.974e-05,4.253e-05,4.461e-05,4.776e-05,5.178e-05,5.368e-05,5.736e-05,6.007e-05,6.369e-05,7.303e-05,7.811e-05,3.504e-05,3.53e-05,3.584e-05,3.523e-05,3.516e-05,3.559e-05,3.528e-05,3.594e-05,3.586e-05,3.521e-05,3.52e-05,3.444e-05,3.428e-05,3.502e-05,3.547e-05,3.483e-05,3.464e-05,3.497e-05,3.515e-05,4.686e-05,7.975e-05,0.0001368,0.0002336,0.0003929,0.0006139,0.0008942,0.001213,0.001571,0.001939,0.002343,0.002786,0.00338,0.00403,0.00475,0.005123,0.005122,3.615e-05,4.618e-05,8.076e-05,0.0001405,0.0002383,0.0003992,0.0006246,0.0009081,0.001234,0.001598,0.001969,0.002372,0.002818,0.003424,0.004087,0.004825,0.005168,0.00517
4.378e-05,4.437e-05,4.47e-05,4.505e-05,4.586e-05,4.765e-05,4.908e-05,5.093e-05,5.454e-05,5.812e-05,6.152e-05,6.756e-05,7.066e-05,7.472e-05,7.982e-05,8.464e-05,9.61e-05,0.0001032,4.412e-05,4.442e-05,4.518e-05,4.466e-05,4.465e-05,4.5e-05,4.464e-05,4.521e-05,4.534e-05,4.415e-05,4.447e-05,4.426e-05,4.416e-05,4.549e-05,4.425e-05,4.456e-05,4.378e-05,4.41e-05,4.438e-05,6.217e-05,0.000115,0.0002072,0.0003612,0.0006159,0.0009687,0.001417,0.001927,0.002499,0.003088,0.003733,0.004443,0.005395,0.006437,0.007592,0.008178,0.00818,4.525e-05,6.155e-05,0.0001171,0.0002119,0.0003682,0.0006256,0.0009855,0.001437,0.001959,0.00254,0.003133,0.003778,0.004496,0.005461,0.006524,0.007702,0.008246,0.00825
4.748e-05,4.831e-05,4.853e-05,4.913e-05,4.956e-05,5.232e-05,5.374e-05,5.629e-05,6.007e-05,6.445e-05,6.833e-05,7.438e-05,7.808e-05,8.413e-05,8.793e-05,9.677e-05,0.0001087,0.0001154,4.785e-05,4.852e-05,4.871e-05,4.83e-05,4.814e-05,4.865e-05,4.849e-05,4.921e-05,4.91e-05,4.787e-05,4.831e-05,4.851e-05,4.865e-05,4.858e-05,4.764e-05,4.756e-05,4.813e-05,4.894e-05,4.769e-05,7.351e-05,0.0001503,0.0002832,0.0005067,0.0008747,0.001386,0.002035,0.002773,0.003603,0.004456,0.005391,0.006424,0.007802,0.009315,0.01099,0.01184,0.01184,4.879e-05,7.307e-05,0.000153,0.0002895,0.0005157,0.0008876,0.001408,0.002062,0.002815,0.003656,0.004516,0.00545,0.00649,0.007888,0.009429,0.01114,0.01192,0.01192
4.315e-05,4.457e-05,4.387e-05,4.481e-05,4.535e-05,4.752e-05,4.873e-05,5.128e-05,5.443e-05,5.812e-05,6.276e-05,6.815e-05,7.14e-05,7.689e-05,8.197e-05,8.644e-05,9.91e-05,0.0001074,4.358e-05,4.392e-05,4.413e-05,4.359e-05,4.372e-05,4.427e-05,4.424e-05,4.487e-05,4.514e-05,4.384e-05,4.356e-05,4.427e-05,4.419e-05,4.488e-05,4.296e-05,4.585e-05,4.404e-05,4.446e-05,4.313e-05,7.261e-05,0.0001601,0.0003115,0.0005661,0.0009863,0.001568,0.002306,0.003146,0.004088,0.00506,0.006121,0.007294,0.008857,0.01057,0.01246,0.01341,0.01341,4.392e-05,7.199e-05,0.0001626,0.0003178,0.0005749,0.0009991,0.00159,0.002332,0.003187,0.004141,0.005115,0.006175,0.007353,0.008932,0.01067,0.01261,0.01347,0.01347
3.445e-05,3.563e-05,3.545e-05,3.58e-05,3.634e-05,3.818e-05,3.886e-05,4.051e-05,4.32e-05,4.577e-05,4.894e-05,5.361e-05,5.654e-05,6.056e-05,6.38e-05,6.745e-05,7.928e-05,8.42e-05,3.49e-05,3.506e-05,3.56e-05,3.519e-05,3.488e-05,3.575e-05,3.589e-05,3.661e-05,3.725e-05,3.533e-05,3.636e-05,3.806e-05,3.698e-05,3.737e-05,3.755e-05,3.88e-05,3.849e-05,3.784e-05,3.454e-05,5.948e-05,0.0001333,0.0002619,0.0004776,0.0008354,0.001331,0.001957,0.002668,0.003468,0.004294,0.005193,0.006185,0.007507,0.008955,0.01054,0.01134,0.01134,3.54e-05,5.897e-05,0.0001353,0.0002665,0.0004844,0.0008449,0.001347,0.001976,0.0027,0.003508,0.004333,0.00523,0.006226,0.007561,0.009027,0.01065,0.01137,0.01137
2.649e-05,2.748e-05,2.709e-05,2.711e-05,2.776e-05,2.925e-05,2.965e-05,3.049e-05,3.271e-05,3.488e-05,3.705e-05,4.031e-05,4.226e-05,4.476e-05,4.748e-05,5e-05,5.918e-05,6.25e-05,2.694e-05,2.714e-05,2.771e-05,2.723e-05,2.721e-05,2.782e-05,2.839e-05,2.942e-05,3.043e-05,2.923e-05,3.061e-05,3.295e-05,3.372e-05,3.449e-05,3.303e-05,3.707e-05,3.914e-05,3.749e-05,2.627e-05,4.431e-05,9.774e-05,0.0001907,0.0003468,0.0006053,0.0009639,0.001417,0.001932,0.00251,0.003107,0.003757,0.004472,0.005425,0.006467,0.007608,0.008172,0.008172,2.734e-05,4.393e-05,9.941e-05,0.0001941,0.0003516,0.0006126,0.0009757,0.001431,0.001956,0.002541,0.003138,0.003786,0.004508,0.005469,0.006526,0.007689,0.008203,0.008207
2.091e-05,2.183e-05,2.132e-05,2.154e-05,2.221e-05,2.327e-05,2.354e-05,2.393e-05,2.593e-05,2.777e-05,2.901e-05,3.191e-05,3.335e-05,3.552e-05,3.678e-05,3.931e-05,4.843e-05,4.996e-05,2.132e-05,2.151e-05,2.23e-05,2.2e-05,2.25e-05,2.368e-05,2.494e-05,2.736e-05,2.988e-05,3.087e-05,3.375e-05,3.736e-05,3.997e-05,4.456e-05,4.484e-05,5.211e-05,5.825e-05,6.122e-05,2.068e-05,3.329e-05,7.053e-05,0.0001359,0.0002453,0.0004258,0.0006771,0.0009944,0.001356,0.001763,0.002182,0.002638,0.00314,0.003808,0.004542,0.005333,0.005729,0.00573,2.149e-05,3.306e-05,7.22e-05,0.0001386,0.0002497,0.0004336,0.0006892,0.001011,0.001381,0.001794,0.002216,0.002674,0.003184,0.003862,0.004607,0.005427,0.005793,0.005794
1.757e-05,1.841e-05,1.792e-05,1.802e-05,1.864e-05,1.956e-05,1.975e-05,2.007e-05,2.179e-05,2.363e-05,2.384e-05,2.758e-05,2.82e-05,2.978e-05,3.124e-05,3.242e-05,4.111e-05,4.153e-05,1.803e-05,1.814e-05,1.937e-05,1.955e-05,2.116e-05,2.38e-05,2.757e-05,3.265e-05,3.874e-05,4.444e-05,5.131e-05,5.99e-05,6.648e-05,7.587e-05,8.436e-05,9.835e-05,0.0001137,0.0001285,1.74e-05,2.663e-05,5.265e-05,9.907e-05,0.0001767,0.0003045,0.0004827,0.000708,0.0009637,0.001253,0.001551,0.001875,0.00223,0.002705,0.003224,0.003787,0.004068,0.004067,1.797e-05,2.655e-05,5.461e-05,0.0001027,0.0001826,0.0003149,0.0004983,0.000731,0.0009978,0.001297,0.001602,0.001933,0.002303,0.002792,0.003328,0.003922,0.004191,0.004206
1.617e-05,1.684e-05,1.647e-05,1.633e-05,1.706e-05,1.764e-05,1.776e-05,1.827e-05,1.974e-05,2.087e-05,2.117e-05,2.441e-05,2.467e-05,2.592e-05,2.783e-05,2.796e-05,3.546e-05,3.786e-05,1.646e-05,1.7e-05,1.843e-05,2.034e-05,2.304e-05,2.868e-05,3.7e-05,4.706e-05,5.939e-05,7.199e-05,8.714e-05,0.0001045,0.0001181,0.0001374,0.0001596,0.0001864,0.0002171,0.000248,1.593e-05,2.236e-05,4.088e-05,7.278e-05,0.0001261,0.0002139,0.0003359,0.0004903,0.000664,0.0008621,0.001066,0.001288,0.001529,0.001851,0.002203,0.002584,0.002772,0.002772,1.654e-05,2.274e-05,4.316e-05,7.78e-05,0.0001351,0.0002292,0.0003605,0.0005268,0.000717,0.0009318,0.001151,0.001388,0.001649,0.001996,0.002378,0.002797,0.003001,0.003033
1.644e-05,1.677e-05,1.691e-05,1.627e-05,1.698e-05,1.735e-05,1.772e-05,1.782e-05,1.928e-05,1.989e-05,1.995e-05,2.279e-05,2.35e-05,2.434e-05,2.575e-05,2.523e-05,3.271e-05,3.365e-05,1.672e-05,1.741e-05,1.976e-05,2.341e-05,2.836e-05,3.746e-05,5.109e-05,6.802e-05,8.886e-05,0.0001113,0.0001362,0.0001641,0.0001876,0.0002222,0.000258,0.0003035,0.0003538,0.000408,1.626e-05,2.087e-05,3.262e-05,5.464e-05,9.035e-05,0.0001485,0.0002306,0.0003337,0.000449,0.0005798,0.0007188,0.0008643,0.001024,0.00124,0.001476,0.001731,0.001853,0.00185,1.644e-05,2.135e-05,3.655e-05,6.118e-05,0.0001037,0.0001722,0.0002685,0.00039,0.0005298,0.000687,0.0008483,0.001021,0.001216,0.001462,0.001744,0.002054,0.002217,0.002273
1.754e-05,1.807e-05,1.766e-05,1.801e-05,1.801e-05,1.853e-05,1.863e-05,1.846e-05,1.92e-05,2.043e-05,2.036e-05,2.286e-05,2.301e-05,2.389e-05,2.382e-05,2.316e-05,3.186e-05,3.12e-05,1.772e-05,1.884e-05,2.263e-05,2.771e-05,3.539e-05,4.879e-05,6.815e-05,9.341e-05,0.0001237,0.0001575,0.0001945,0.0002337,0.0002704,0.00032,0.000374,0.0004421,0.0005135,0.0005983,1.748e-05,2.043e-05,2.894e-05,4.397e-05,6.923e-05,0.0001092,0.0001665,0.0002373,0.0003178,0.0004089,0.000506,0.0006086,0.000716,0.0008702,0.001034,0.001211,0.0013,0.001299,1.775e-05,2.175e-05,3.399e-05,5.41e-05,8.791e-05,0.0001428,0.0002192,0.0003177,0.0004314,0.0005589,0.0006934,0.0008331,0.0009891,0.001189,0.001415,0.001664,0.00182,0.001903
1.937e-05,1.995e-05,1.939e-05,1.922e-05,1.946e-05,1.985e-05,2.026e-05,1.987e-05,2.083e-05,2.175e-05,2.131e-05,2.425e-05,2.336e-05,2.382e-05,2.49e-05,2.439e-05,2.878e-05,3.09e-05,1.963e-05,2.097e-05,2.525e-05,3.154e-05,4.173e-05,5.848e-05,8.333e-05,0.000115,0.0001534,0.000196,0.0002427,0.0002927,0.0003385,0.0003979,0.0004709,0.0005547,0.0006447,0.0007475,1.91e-05,2.188e-05,2.82e-05,4.042e-05,6.038e-05,9.211e-05,0.0001377,0.0001943,0.0002576,0.0003298,0.0004054,0.0004893,0.0005752,0.0006933,0.0008233,0.0009625,0.001029,0.00103,1.956e-05,2.318e-05,3.439e-05,5.269e-05,8.347e-05,0.0001333,0.0002025,0.0002924,0.0003962,0.000514,0.0006374,0.000768,0.0009108,0.001092,0.001293,0.00153,0.001679,0.001784
2.09e-05,2.146e-05,2.102e-05,2.087e-05,2.132e-05,2.143e-05,2.168e-05,2.124e-05,2.212e-05,2.296e-05,2.233e-05,2.441e-05,2.356e-05,2.411e-05,2.457e-05,2.492e-05,2.815e-05,3.061e-05,2.121e-05,2.28e-05,2.76e-05,3.519e-05,4.734e-05,6.67e-05,9.572e-05,0.0001325,0.0001777,0.0002274,0.000282,0.00034,0.0003949,0.0004639,0.0005495,0.0006482,0.0007497,0.0008745,2.103e-05,2.32e-05,2.845e-05,3.86e-05,5.503e-05,8.091e-05,0.0001179,0.0001641,0.0002161,0.0002762,0.0003386,0.0004056,0.0004754,0.0005725,0.0006791,0.000792,0.0008482,0.000847,2.127e-05,2.481e-05,3.527e-05,5.228e-05,8.123e-05,0.0001282,0.0001931,0.0002784,0.0003769,0.0004885,0.0006067,0.0007311,0.0008654,0.001033,0.001225,0.001448,0.001601,0.00172
2.237e-05,2.305e-05,2.251e-05,2.224e-05,2.285e-05,2.292e-05,2.313e-05,2.27e-05,2.303e-05,2.38e-05,2.31e-05,2.539e-05,2.48e-05,2.524e-05,2.545e-05,2.445e-05,2.827e-05,2.965e-05,2.252e-05,2.474e-05,3.023e-05,3.957e-05,5.362e-05,7.669e-05,0.0001109,0.0001547,0.0002079,0.0002677,0.0003326,0.0004015,0.0004673,0.0005498,0.0006511,0.0007687,0.0008899,0.001037,2.259e-05,2.428e-05,2.914e-05,3.818e-05,5.226e-05,7.528e-05,0.0001078,0.0001481,0.000194,0.000246,0.0003018,0.0003595,0.0004222,0.0005065,0.0005999,0.0006996,0.0007489,0.0007456,2.27e-05,2.654e-05,3.72e-05,5.438e-05,8.358e-05,0.0001306,0.0001974,0.0002834,0.0003835,0.0004976,0.0006184,0.0007446,0.0008796,0.001049,0.001244,0.001474,0.001635,0.00178
2.356e-05,2.431e-05,2.378e-05,2.374e-05,2.376e-05,2.424e-05,2.424e-05,2.405e-05,2.401e-05,2.553e-05,2.41e-05,2.643e-05,2.565e-05,2.577e-05,2.682e-05,2.544e-05,2.906e-05,3.002e-05,2.365e-05,2.651e-05,3.35e-05,4.524e-05,6.339e-05,9.25e-05,0.000136,0.0001915,0.0002585,0.0003348,0.0004165,0.0005035,0.0005862,0.000693,0.0008186,0.0009665,0.001118,0.001308,2.384e-05,2.515e-05,3.032e-05,3.905e-05,5.243e-05,7.49e-05,0.0001064,0.0001452,0.0001897,0.0002391,0.000292,0.0003511,0.0004081,0.0004909,0.0005832,0.0006802,0.0007239,0.0007222,2.424e-05,2.832e-05,4.043e-05,5.94e-05,9.229e-05,0.000145,0.0002196,0.0003156,0.000428,0.0005567,0.0006927,0.0008356,0.0009881,0.001173,0.001392,0.00165,0.001838,0.002024
2.48e-05,2.532e-05,2.486e-05,2.486e-05,2.481e-05,2.531e-05,2.545e-05,2.512e-05,2.556e-05,2.678e-05,2.535e-05,2.797e-05,2.716e-05,2.741e-05,2.784e-05,2.695e-05,2.968e-05,3.207e-05,2.499e-05,2.848e-05,3.746e-05,5.328e-05,7.702e-05,0.0001162,0.0001735,0.0002468,0.0003354,0.0004371,0.0005443,0.0006592,0.0007689,0.0009092,0.001077,0.001273,0.001471,0.00172,2.525e-05,2.65e-05,3.151e-05,4.067e-05,5.495e-05,7.793e-05,0.0001109,0.000152,0.0001988,0.0002509,0.0003046,0.0003665,0.0004289,0.0005146,0.0006114,0.0007109,0.0007603,0.0007563,2.542e-05,3.006e-05,4.467e-05,6.799e-05,0.0001072,0.0001707,0.00026,0.0003764,0.0005125,0.0006679,0.0008332,0.001005,0.001188,0.001411,0.001677,0.001992,0.002228,0.002474
2.565e-05,2.601e-05,2.53e-05,2.572e-05,2.588e-05,2.628e-05,2.625e-05,2.62e-05,2.643e-05,2.783e-05,2.7e-05,2.852e-05,2.812e-05,2.937e-05,2.962e-05,2.889e-05,3.161e-05,3.38e-05,2.559e-05,3.031e-05,4.291e-05,6.438e-05,9.736e-05,0.0001513,0.00023,0.000331,0.0004538,0.0005938,0.0007433,0.0009001,0.001053,0.001243,0.001479,0.00175,0.002023,0.002373,2.604e-05,2.753e-05,3.274e-05,4.246e-05,5.764e-05,8.258e-05,0.0001173,0.0001609,0.0002103,0.0002669,0.0003234,0.0003886,0.0004559,0.0005471,0.0006512,0.0007537,0.0008051,0.0008026,2.598e-05,3.219e-05,5.068e-05,7.999e-05,0.0001295,0.0002093,0.0003215,0.000469,0.0006423,0.0008388,0.001051,0.001271,0.001499,0.001783,0.002118,0.002514,0.002827,0.003172
2.595e-05,2.675e-05,2.607e-05,2.633e-05,2.648e-05,2.688e-05,2.711e-05,2.723e-05,2.75e-05,2.893e-05,2.851e-05,3.05e-05,3.021e-05,3.053e-05,3.259e-05,3.197e-05,3.296e-05,3.678e-05,2.643e-05,3.242e-05,4.888e-05,7.792e-05,0.0001219,0.0001939,0.0002985,0.0004333,0.000597,0.0007837,0.0009822,0.001192,0.001393,0.001647,0.001962,0.002322,0.002683,0.003146,2.687e-05,2.839e-05,3.385e-05,4.379e-05,5.886e-05,8.446e-05,0.0001197,0.0001635,0.000214,0.000271,0.0003296,0.0003921,0.0004624,0.0005542,0.0006579,0.0007663,0.0008163,0.0008104,2.676e-05,3.439e-05,5.705e-05,9.414e-05,0.0001548,0.000253,0.0003927,0.0005749,0.0007892,0.001033,0.001297,0.00157,0.001847,0.002196,0.002612,0.003099,0.003502,0.003962
2.659e-05,2.75e-05,2.669e-05,2.712e-05,2.706e-05,2.768e-05,2.814e-05,2.832e-05,2.885e-05,3.049e-05,2.999e-05,3.233e-05,3.151e-05,3.395e-05,3.458e-05,3.561e-05,3.582e-05,4e-05,2.69e-05,3.46e-05,5.553e-05,9.246e-05,0.0001488,0.0002402,0.0003727,0.0005442,0.0007513,0.0009887,0.00124,0.001506,0.001761,0.002083,0.00248,0.002935,0.003388,0.00397,2.744e-05,2.851e-05,3.391e-05,4.345e-05,5.792e-05,8.198e-05,0.0001157,0.0001568,0.0002052,0.0002596,0.0003147,0.0003757,0.0004406,0.0005286,0.0006275,0.0007294,0.0007762,0.0007732,2.742e-05,3.644e-05,6.328e-05,0.000108,0.00018,0.0002964,0.0004622,0.0006796,0.0009353,0.001227,0.001542,0.001867,0.002197,0.002607,0.003103,0.003681,0.004172,0.004752
2.741e-05,2.788e-05,2.725e-05,2.771e-05,2.782e-05,2.837e-05,2.9e-05,2.962e-05,3.01e-05,3.168e-05,3.191e-05,3.4e-05,3.375e-05,3.64e-05,3.702e-05,3.801e-05,4.033e-05,4.367e-05,2.725e-05,3.669e-05,6.193e-05,0.0001067,0.0001749,0.000286,0.0004465,0.0006544,0.0009052,0.001193,0.001499,0.00182,0.002128,0.00252,0.003001,0.003552,0.0041,0.004806,2.819e-05,2.895e-05,3.376e-05,4.242e-05,5.516e-05,7.69e-05,0.0001069,0.0001436,0.0001873,0.0002354,0.0002836,0.0003404,0.0003965,0.0004757,0.0005671,0.000657,0.0006973,0.0006951,2.781e-05,3.828e-05,6.9e-05,0.0001207,0.000203,0.0003365,0.0005269,0.0007767,0.001072,0.001408,0.001772,0.002146,0.002524,0.002996,0.003566,0.004231,0.004812,0.005512
2.783e-05,2.808e-05,2.813e-05,2.825e-05,2.841e-05,2.901e-05,2.966e-05,3.065e-05,3.116e-05,3.321e-05,3.343e-05,3.602e-05,3.595e-05,3.872e-05,3.968e-05,4.156e-05,4.43e-05,4.719e-05,2.773e-05,3.849e-05,6.762e-05,0.0001198,0.0001994,0.0003286,0.0005152,0.0007569,0.001049,0.001384,0.00174,0.002113,0.002473,0.002926,0.003487,0.00413,0.004765,0.005587,2.873e-05,2.946e-05,3.35e-05,4.105e-05,5.178e-05,7.029e-05,9.577e-05,0.0001275,0.0001644,0.0002049,0.0002471,0.0002955,0.000344,0.0004119,0.0004889,0.0005654,0.0006007,0.0005981,2.843e-05,4.005e-05,7.416e-05,0.000132,0.0002236,0.0003719,0.0005842,0.0008636,0.001192,0.00157,0.001979,0.002397,0.002816,0.00334,0.003981,0.004722,0.005388,0.006204
2.84e-05,2.863e-05,2.853e-05,2.884e-05,2.897e-05,2.958e-05,3.055e-05,3.135e-05,3.232e-05,3.431e-05,3.523e-05,3.728e-05,3.736e-05,3.98e-05,4.176e-05,4.436e-05,4.619e-05,4.957e-05,2.823e-05,4.025e-05,7.266e-05,0.0001308,0.0002193,0.0003638,0.0005719,0.000841,0.001167,0.001541,0.001938,0.002355,0.002756,0.003262,0.003889,0.004607,0.005314,0.006233,2.922e-05,2.98e-05,3.359e-05,3.978e-05,4.849e-05,6.437e-05,8.555e-05,0.0001122,0.0001434,0.0001774,0.0002128,0.0002512,0.0002955,0.0003524,0.0004148,0.0004799,0.0005105,0.0005068,2.885e-05,4.14e-05,7.812e-05,0.000141,0.00024,0.0004002,0.0006306,0.0009329,0.00129,0.0017,0.002143,0.002599,0.003051,0.003617,0.004314,0.005115,0.00585,0.006764
2.861e-05,2.874e-05,2.871e-05,2.907e-05,2.907e-05,2.977e-05,3.06e-05,3.149e-05,3.249e-05,3.431e-05,3.492e-05,3.739e-05,3.73e-05,3.981e-05,4.128e-05,4.277e-05,4.556e-05,4.969e-05,2.852e-05,4.116e-05,7.577e-05,0.0001378,0.0002326,0.0003862,0.0006086,0.0008966,0.001244,0.001644,0.002069,0.002513,0.002943,0.003485,0.004155,0.004922,0.005679,0.006661,2.976e-05,2.978e-05,3.276e-05,3.819e-05,4.546e-05,5.843e-05,7.594e-05,9.787e-05,0.0001238,0.0001516,0.0001805,0.0002139,0.000249,0.0002947,0.0003485,0.0004037,0.0004267,0.0004226,2.93e-05,4.219e-05,8.073e-05,0.0001464,0.0002496,0.0004167,0.0006574,0.0009738,0.001348,0.001778,0.002241,0.002719,0.003191,0.003783,0.004513,0.005354,0.006133,0.007107
2.895e-05,2.915e-05,2.902e-05,2.92e-05,2.917e-05,2.979e-05,3.042e-05,3.127e-05,3.205e-05,3.39e-05,3.448e-05,3.63e-05,3.587e-05,3.872e-05,4.022e-05,4.196e-05,4.347e-05,4.569e-05,2.878e-05,4.178e-05,7.728e-05,0.000141,0.0002382,0.0003963,0.000624,0.0009198,0.001277,0.001687,0.002123,0.002578,0.003019,0.003575,0.004261,0.00505,0.005825,0.006832,2.987e-05,2.98e-05,3.248e-05,3.707e-05,4.323e-05,5.398e-05,6.887e-05,8.747e-05,0.0001094,0.0001329,0.0001558,0.0001855,0.0002132,0.0002536,0.000299,0.0003468,0.0003641,0.0003619,2.95e-05,4.266e-05,8.165e-05,0.0001484,0.000253,0.000422,0.0006657,0.0009855,0.001364,0.001799,0.002269,0.002753,0.003232,0.003829,0.004569,0.005421,0.006212,0.007211
2.904e-05,2.897e-05,2.881e-05,2.909e-05,2.902e-05,2.948e-05,3.016e-05,3.051e-05,3.132e-05,3.272e-05,3.33e-05,3.482e-05,3.418e-05,3.663e-05,3.742e-05,3.874e-05,3.866e-05,4.119e-05,2.877e-05,4.181e-05,7.725e-05,0.0001404,0.0002374,0.0003946,0.0006211,0.000915,0.00127,0.001677,0.002111,0.002563,0.003,0.003551,0.004233,0.005014,0.005782,0.006779,2.986e-05,2.991e-05,3.202e-05,3.587e-05,4.085e-05,5.007e-05,6.226e-05,7.772e-05,9.589e-05,0.0001154,0.0001344,0.0001594,0.0001825,0.000215,0.0002535,0.0002909,0.0003081,0.0003082,2.964e-05,4.236e-05,8.064e-05,0.0001466,0.0002496,0.0004159,0.0006553,0.0009701,0.001342,0.001771,0.002233,0.00271,0.003177,0.003764,0.004492,0.005326,0.006106,0.007095
2.891e-05,2.897e-05,2.865e-05,2.891e-05,2.885e-05,2.919e-05,2.968e-05,3.012e-05,3.064e-05,3.171e-05,3.183e-05,3.315e-05,3.21e-05,3.479e-05,3.471e-05,3.534e-05,3.569e-05,3.832e-05,2.869e-05,4.147e-05,7.588e-05,0.0001371,0.0002312,0.000384,0.0006041,0.0008893,0.001234,0.001629,0.00205,0.002489,0.002912,0.003447,0.004107,0.004863,0.005606,0.006567,3.001e-05,2.981e-05,3.176e-05,3.466e-05,3.869e-05,4.623e-05,5.601e-05,6.846e-05,8.366e-05,9.885e-05,0.0001143,0.0001342,0.000153,0.0001802,0.0002118,0.0002417,0.0002552,0.0002564,2.963e-05,4.177e-05,7.877e-05,0.0001421,0.0002412,0.000401,0.0006311,0.0009345,0.001293,0.001704,0.002149,0.002607,0.003056,0.003622,0.004318,0.005117,0.00587,0.006825
2.851e-05,2.862e-05,2.836e-05,2.861e-05,2.844e-05,2.889e-05,2.927e-05,2.944e-05,2.976e-05,3.105e-05,3.085e-05,3.152e-05,3.05e-05,3.213e-05,3.234e-05,3.241e-05,3.287e-05,3.488e-05,2.837e-05,4.041e-05,7.335e-05,0.0001318,0.0002218,0.000367,0.0005773,0.0008496,0.001178,0.001557,0.001958,0.002377,0.002782,0.003293,0.003924,0.004647,0.005354,0.006266,2.981e-05,2.942e-05,3.1e-05,3.347e-05,3.65e-05,4.24e-05,4.988e-05,5.92e-05,7.149e-05,8.274e-05,9.412e-05,0.0001101,0.0001242,0.0001472,0.0001708,0.0001937,0.0002051,0.0002008,2.933e-05,4.092e-05,7.591e-05,0.0001358,0.0002294,0.0003803,0.0005985,0.0008855,0.001225,0.001615,0.002036,0.00247,0.002894,0.00343,0.004091,0.004848,0.005563,0.006469
2.826e-05,2.816e-05,2.789e-05,2.808e-05,2.766e-05,2.829e-05,2.867e-05,2.886e-05,2.886e-05,2.983e-05,2.97e-05,3.003e-05,2.904e-05,3.1e-05,3.178e-05,3.033e-05,2.98e-05,3.218e-05,2.782e-05,3.942e-05,7.015e-05,0.0001252,0.0002094,0.0003465,0.0005435,0.0007995,0.001109,0.001464,0.001842,0.002235,0.002615,0.003097,0.003689,0.00437,0.005034,0.005896,2.961e-05,2.852e-05,2.994e-05,3.212e-05,3.367e-05,3.798e-05,4.338e-05,4.991e-05,5.841e-05,6.69e-05,7.4e-05,8.593e-05,9.394e-05,0.0001126,0.0001293,0.0001476,0.0001549,0.0001492,2.884e-05,3.965e-05,7.213e-05,0.0001281,0.000215,0.0003557,0.0005589,0.0008257,0.001142,0.001505,0.001898,0.002304,0.002699,0.003197,0.003812,0.00452,0.005189,0.00604
2.771e-05,2.749e-05,2.752e-05,2.759e-05,2.721e-05,2.77e-05,2.797e-05,2.835e-05,2.897e-05,2.931e-05,2.925e-05,2.961e-05,2.879e-05,3.013e-05,3.076e-05,3.133e-05,3.016e-05,3.26e-05,2.748e-05,3.846e-05,6.674e-05,0.0001182,0.0001967,0.0003241,0.0005076,0.0007457,0.001033,0.001364,0.001715,0.002082,0.002436,0.002883,0.003435,0.004067,0.004686,0.005488,2.892e-05,2.857e-05,2.931e-05,3.064e-05,3.177e-05,3.481e-05,3.825e-05,4.24e-05,4.898e-05,5.362e-05,5.947e-05,6.702e-05,7.467e-05,8.553e-05,9.837e-05,0.0001064,0.000115,0.0001119,2.849e-05,3.854e-05,6.846e-05,0.0001203,0.0002005,0.0003304,0.0005179,0.0007651,0.001057,0.001392,0.001755,0.002132,0.002496,0.002955,0.003523,0.004178,0.004796,0.005594
2.735e-05,2.715e-05,2.685e-05,2.725e-05,2.697e-05,2.729e-05,2.79e-05,2.79e-05,2.836e-05,2.914e-05,2.934e-05,3.016e-05,2.896e-05,3.096e-05,3.105e-05,3.114e-05,3.211e-05,3.394e-05,2.707e-05,3.719e-05,6.331e-05,0.0001102,0.0001823,0.0002992,0.0004673,0.0006855,0.0009487,0.001252,0.001573,0.00191,0.002234,0.002643,0.003149,0.003729,0.004295,0.005029,2.864e-05,2.795e-05,2.851e-05,2.954e-05,3.013e-05,3.227e-05,3.444e-05,3.703e-05,4.152e-05,4.473e-05,4.796e-05,5.354e-05,5.697e-05,6.651e-05,7.571e-05,8.062e-05,8.444e-05,8.513e-05,2.826e-05,3.713e-05,6.459e-05,0.0001118,0.0001851,0.0003034,0.0004741,0.0006997,0.0009658,0.001272,0.001602,0.001946,0.002277,0.002695,0.003215,0.003809,0.004378,0.005108
2.702e-05,2.669e-05,2.654e-05,2.693e-05,2.687e-05,2.718e-05,2.775e-05,2.827e-05,2.903e-05,2.999e-05,3.069e-05,3.125e-05,3.057e-05,3.295e-05,3.339e-05,3.438e-05,3.554e-05,3.808e-05,2.673e-05,3.587e-05,5.962e-05,0.0001017,0.0001663,0.0002712,0.0004224,0.0006184,0.0008546,0.001127,0.001416,0.001717,0.002009,0.002377,0.00283,0.003349,0.003858,0.004514,2.86e-05,2.735e-05,2.807e-05,2.881e-05,2.897e-05,3.064e-05,3.181e-05,3.352e-05,3.673e-05,3.812e-05,3.918e-05,4.346e-05,4.659e-05,5.225e-05,5.899e-05,6.508e-05,6.764e-05,6.379e-05,2.782e-05,3.594e-05,6.029e-05,0.0001027,0.0001686,0.0002742,0.0004276,0.0006296,0.0008681,0.001141,0.001437,0.001745,0.002041,0.002417,0.002881,0.003411,0.003924,0.004577
2.65e-05,2.626e-05,2.628e-05,2.697e-05,2.692e-05,2.724e-05,2.851e-05,2.952e-05,3.077e-05,3.263e-05,3.43e-05,3.562e-05,3.589e-05,3.96e-05,4.143e-05,4.531e-05,4.588e-05,4.947e-05,2.614e-05,3.457e-05,5.54e-05,9.278e-05,0.0001499,0.0002429,0.0003768,0.0005504,0.0007596,0.001001,0.001257,0.001525,0.001782,0.002108,0.002509,0.00297,0.003416,0.003999,2.814e-05,2.716e-05,2.777e-05,2.824e-05,2.809e-05,2.916e-05,3.004e-05,3.135e-05,3.324e-05,3.376e-05,3.417e-05,3.818e-05,3.889e-05,4.378e-05,4.926e-05,5.346e-05,5.59e-05,5.069e-05,2.757e-05,3.463e-05,5.622e-05,9.382e-05,0.0001522,0.0002458,0.0003822,0.0005611,0.0007732,0.001016,0.001279,0.001552,0.001814,0.002146,0.002558,0.00303,0.00348,0.00406
2.642e-05,2.596e-05,2.621e-05,2.719e-05,2.752e-05,2.9e-05,3.178e-05,3.447e-05,3.834e-05,4.238e-05,4.68e-05,5.152e-05,5.453e-05,6.14e-05,6.699e-05,7.51e-05,8.245e-05,9.124e-05,2.608e-05,3.334e-05,5.137e-05,8.344e-05,0.000133,0.0002136,0.000329,0.0004794,0.000661,0.0008698,0.001092,0.001323,0.001547,0.001828,0.002177,0.002575,0.002963,0.003467,2.769e-05,2.678e-05,2.697e-05,2.758e-05,2.738e-05,2.843e-05,2.816e-05,2.942e-05,3.1e-05,3.036e-05,3.112e-05,3.381e-05,3.547e-05,3.981e-05,4.192e-05,4.483e-05,4.757e-05,4.332e-05,2.719e-05,3.332e-05,5.218e-05,8.513e-05,0.0001359,0.000218,0.000337,0.0004945,0.0006798,0.0008922,0.001123,0.001363,0.001593,0.001884,0.002247,0.002656,0.003052,0.003564
2.608e-05,2.616e-05,2.673e-05,2.87e-05,3.101e-05,3.474e-05,4.123e-05,4.876e-05,5.808e-05,6.867e-05,8.096e-05,9.235e-05,0.0001032,0.0001187,0.0001347,0.000154,0.0001754,0.0001984,2.569e-05,3.233e-05,4.789e-05,7.602e-05,0.0001191,0.0001894,0.00029,0.0004209,0.0005787,0.0007612,0.0009542,0.001156,0.00135,0.001595,0.001899,0.002247,0.002581,0.003023,2.73e-05,2.674e-05,2.685e-05,2.718e-05,2.705e-05,2.764e-05,2.767e-05,2.819e-05,2.918e-05,2.874e-05,2.936e-05,3.104e-05,3.25e-05,3.587e-05,3.8e-05,3.993e-05,4.252e-05,4.078e-05,2.679e-05,3.248e-05,4.93e-05,7.944e-05,0.0001254,0.0001992,0.0003068,0.0004489,0.0006171,0.0008089,0.001017,0.001235,0.001441,0.001705,0.002029,0.0024,0.002763,0.003218
2.601e-05,2.639e-05,2.833e-05,3.223e-05,3.742e-05,4.638e-05,5.957e-05,7.642e-05,9.712e-05,0.0001204,0.0001468,0.000173,0.0001982,0.0002306,0.0002673,0.000311,0.0003575,0.0004055,2.584e-05,3.16e-05,4.514e-05,6.964e-05,0.0001071,0.0001682,0.0002561,0.0003693,0.0005063,0.0006652,0.0008331,0.001008,0.001177,0.00139,0.001653,0.001955,0.002246,0.002628,2.749e-05,2.669e-05,2.7e-05,2.726e-05,2.675e-05,2.739e-05,2.764e-05,2.773e-05,2.838e-05,2.784e-05,2.76e-05,2.91e-05,3.018e-05,3.304e-05,3.399e-05,3.601e-05,3.989e-05,3.647e-05,2.702e-05,3.228e-05,4.811e-05,7.653e-05,0.00012,0.0001893,0.0002906,0.000424,0.0005829,0.0007637,0.0009594,0.001165,0.00136,0.001607,0.001911,0.002258,0.002606,0.00303
2.634e-05,2.697e-05,3.097e-05,3.815e-05,4.786e-05,6.448e-05,8.872e-05,0.0001205,0.000159,0.000202,0.0002515,0.0003004,0.0003485,0.0004069,0.0004773,0.0005609,0.0006452,0.0007307,2.619e-05,3.109e-05,4.273e-05,6.357e-05,9.581e-05,0.0001479,0.0002228,0.0003195,0.0004368,0.0005717,0.0007167,0.0008657,0.00101,0.001191,0.001417,0.001674,0.001923,0.002253,2.766e-05,2.694e-05,2.739e-05,2.727e-05,2.688e-05,2.726e-05,2.734e-05,2.713e-05,2.731e-05,2.751e-05,2.753e-05,2.884e-05,2.891e-05,3.21e-05,3.182e-05,3.319e-05,3.826e-05,3.481e-05,2.748e-05,3.26e-05,4.809e-05,7.623e-05,0.0001188,0.0001867,0.0002863,0.0004179,0.0005738,0.0007511,0.000945,0.001149,0.00134,0.001583,0.00188,0.002222,0.002566,0.002979
2.702e-05,2.812e-05,3.496e-05,4.563e-05,6.198e-05,8.848e-05,0.0001269,0.0001782,0.0002396,0.0003089,0.0003886,0.0004672,0.0005461,0.0006382,0.000752,0.0008838,0.001022,0.00116,2.665e-05,3.089e-05,4.078e-05,5.809e-05,8.494e-05,0.0001286,0.0001909,0.0002716,0.0003699,0.0004828,0.0006034,0.0007281,0.0008472,0.0009995,0.001189,0.001403,0.001609,0.001888,2.797e-05,2.77e-05,2.797e-05,2.764e-05,2.745e-05,2.75e-05,2.751e-05,2.697e-05,2.722e-05,2.563e-05,2.663e-05,2.794e-05,2.76e-05,3.145e-05,2.923e-05,2.965e-05,3.402e-05,3.176e-05,2.778e-05,3.31e-05,4.908e-05,7.795e-05,0.0001212,0.0001903,0.0002925,0.000427,0.0005865,0.0007683,0.0009672,0.001177,0.001373,0.001622,0.001926,0.002275,0.002633,0.003041
2.773e-05,2.986e-05,3.914e-05,5.489e-05,7.886e-05,0.000117,0.0001734,0.0002476,0.0003371,0.0004377,0.0005531,0.0006679,0.0007823,0.0009166,0.001082,0.001274,0.001477,0.001674,2.744e-05,3.127e-05,3.814e-05,5.173e-05,7.231e-05,0.0001063,0.0001543,0.0002166,0.0002927,0.0003799,0.0004726,0.0005684,0.0006619,0.0007784,0.000924,0.001091,0.001249,0.001465,2.864e-05,2.847e-05,2.839e-05,2.813e-05,2.79e-05,2.786e-05,2.749e-05,2.697e-05,2.616e-05,2.588e-05,2.632e-05,2.634e-05,2.638e-05,2.897e-05,2.657e-05,2.598e-05,3.424e-05,2.703e-05,2.851e-05,3.374e-05,5.005e-05,7.976e-05,0.0001248,0.000196,0.0003007,0.0004399,0.0006064,0.0007944,0.001002,0.001219,0.001424,0.001677,0.001993,0.002348,0.002723,0.003138
2.864e-05,3.127e-05,4.254e-05,6.229e-05,9.227e-05,0.0001395,0.0002092,0.0003009,0.0004123,0.000537,0.0006803,0.0008232,0.0009651,0.001131,0.001336,0.001576,0.001828,0.002071,2.836e-05,3.155e-05,3.66e-05,4.682e-05,6.232e-05,8.802e-05,0.0001246,0.0001717,0.0002286,0.000295,0.0003651,0.0004377,0.0005079,0.0005959,0.0007061,0.0008313,0.0009497,0.001115,2.929e-05,2.933e-05,2.923e-05,2.901e-05,2.863e-05,2.878e-05,2.836e-05,2.798e-05,2.611e-05,2.582e-05,2.578e-05,2.575e-05,2.572e-05,2.679e-05,2.484e-05,2.412e-05,3.166e-05,2.737e-05,2.944e-05,3.459e-05,5.128e-05,8.181e-05,0.0001274,0.0001995,0.000306,0.0004476,0.0006163,0.0008089,0.001019,0.00124,0.00145,0.001708,0.002027,0.00239,0.002778,0.00319
2.961e-05,3.266e-05,4.542e-05,6.8e-05,0.0001009,0.0001544,0.0002329,0.0003364,0.0004618,0.0006025,0.0007645,0.0009262,0.001085,0.001273,0.001505,0.001777,0.002058,0.002333,2.943e-05,3.175e-05,3.523e-05,4.272e-05,5.397e-05,7.226e-05,9.866e-05,0.0001329,0.0001743,0.0002222,0.0002735,0.0003271,0.0003765,0.0004407,0.0005187,0.0006096,0.0006945,0.000813,3.024e-05,3.041e-05,3.032e-05,3.01e-05,2.956e-05,2.959e-05,2.929e-05,2.833e-05,2.588e-05,2.536e-05,2.659e-05,2.63e-05,2.47e-05,2.604e-05,2.231e-05,2.224e-05,3.125e-05,2.524e-05,3.05e-05,3.583e-05,5.202e-05,8.224e-05,0.0001272,0.0001982,0.0003036,0.000444,0.0006117,0.0008017,0.00101,0.00123,0.001437,0.001691,0.002006,0.002368,0.002751,0.003151
3.099e-05,3.391e-05,4.841e-05,7.359e-05,0.0001107,0.0001707,0.000259,0.0003752,0.0005157,0.0006744,0.0008562,0.001038,0.001218,0.001427,0.001689,0.001992,0.002308,0.002616,3.053e-05,3.228e-05,3.503e-05,4.003e-05,4.822e-05,6.062e-05,7.895e-05,0.0001031,0.0001319,0.0001658,0.0002013,0.0002387,0.0002731,0.0003177,0.0003737,0.0004374,0.0004961,0.000582,3.124e-05,3.175e-05,3.131e-05,3.116e-05,3.054e-05,3.055e-05,3.063e-05,2.913e-05,2.677e-05,2.527e-05,2.761e-05,2.621e-05,2.495e-05,2.692e-05,1.882e-05,2.085e-05,3.172e-05,2.312e-05,3.113e-05,3.69e-05,5.341e-05,8.397e-05,0.0001298,0.0002019,0.0003092,0.0004522,0.0006231,0.0008174,0.001031,0.001257,0.001466,0.001725,0.002044,0.00241,0.002801,0.003203
3.245e-05,3.715e-05,5.59e-05,8.816e-05,0.000137,0.0002152,0.0003296,0.0004807,0.0006644,0.0008697,0.001106,0.001343,0.001577,0.001849,0.002187,0.00258,0.002992,0.003389,3.221e-05,3.412e-05,3.544e-05,3.983e-05,4.585e-05,5.548e-05,6.902e-05,8.773e-05,0.0001101,0.0001352,0.0001629,0.0001909,0.0002187,0.000252,0.0002934,0.0003426,0.0003858,0.0004542,3.297e-05,3.333e-05,3.303e-05,3.259e-05,3.237e-05,3.204e-05,3.22e-05,3.158e-05,2.79e-05,2.753e-05,2.826e-05,2.917e-05,2.728e-05,2.781e-05,2.197e-05,2.358e-05,3.086e-05,2.666e-05,3.29e-05,3.995e-05,5.982e-05,9.694e-05,0.0001523,0.0002399,0.000369,0.000541,0.0007485,0.0009835,0.001242,0.001512,0.00177,0.002081,0.002467,0.002908,0.003381,0.003854
3.456e-05,4.16e-05,6.76e-05,0.0001122,0.0001802,0.0002882,0.0004458,0.0006536,0.0009056,0.001189,0.001512,0.001837,0.002159,0.002532,0.002996,0.003536,0.0041,0.004641,3.422e-05,3.591e-05,3.724e-05,4.04e-05,4.532e-05,5.269e-05,6.402e-05,7.868e-05,9.661e-05,0.0001168,0.0001383,0.000162,0.0001817,0.0002107,0.0002443,0.0002825,0.0003169,0.0003707,3.457e-05,3.569e-05,3.488e-05,3.431e-05,3.436e-05,3.392e-05,3.435e-05,3.275e-05,3.058e-05,2.928e-05,3.106e-05,2.829e-05,2.825e-05,3.041e-05,2.269e-05,2.468e-05,2.842e-05,2.907e-05,3.513e-05,4.439e-05,7.121e-05,0.0001197,0.0001934,0.0003084,0.0004784,0.0007043,0.0009767,0.001285,0.001624,0.00198,0.002321,0.002728,0.003231,0.00381,0.00443,0.005042
3.471e-05,4.112e-05,6.487e-05,0.0001061,0.0001681,0.0002671,0.0004116,0.000602,0.000833,0.001092,0.001388,0.001686,0.00198,0.002322,0.002748,0.003244,0.003762,0.00426,3.425e-05,3.603e-05,3.655e-05,3.847e-05,4.167e-05,4.596e-05,5.341e-05,6.318e-05,7.467e-05,8.696e-05,0.0001011,0.0001162,0.0001277,0.0001466,0.0001672,0.0001916,0.0002116,0.0002462,3.453e-05,3.595e-05,3.49e-05,3.474e-05,3.452e-05,3.429e-05,3.507e-05,3.312e-05,3.053e-05,2.995e-05,3.092e-05,2.917e-05,2.776e-05,2.839e-05,2.302e-05,2.476e-05,3.144e-05,2.562e-05,3.531e-05,4.358e-05,6.758e-05,0.0001114,0.0001774,0.0002803,0.0004325,0.0006344,0.0008774,0.001154,0.001458,0.001775,0.002078,0.002443,0.002895,0.003411,0.003971,0.004521
3.431e-05,3.874e-05,5.586e-05,8.62e-05,0.0001312,0.0002036,0.0003093,0.0004483,0.0006174,0.0008067,0.001023,0.001241,0.001458,0.001707,0.002022,0.002389,0.002772,0.003142,3.376e-05,3.528e-05,3.526e-05,3.601e-05,3.753e-05,3.978e-05,4.283e-05,4.814e-05,5.386e-05,6.014e-05,6.542e-05,7.462e-05,7.771e-05,8.895e-05,9.697e-05,0.0001094,0.000119,0.0001412,3.41e-05,3.523e-05,3.436e-05,3.435e-05,3.427e-05,3.384e-05,3.441e-05,3.239e-05,2.99e-05,2.839e-05,3.244e-05,2.885e-05,2.639e-05,2.62e-05,1.937e-05,1.909e-05,2.941e-05,2.043e-05,3.486e-05,4.074e-05,5.791e-05,8.959e-05,0.0001367,0.0002109,0.0003195,0.0004649,0.0006393,0.0008386,0.001058,0.001286,0.001503,0.001768,0.002093,0.002465,0.002877,0.003276
3.427e-05,3.856e-05,5.57e-05,8.59e-05,0.000131,0.0002039,0.0003092,0.0004477,0.0006172,0.0008065,0.001024,0.00124,0.001459,0.001708,0.002022,0.002387,0.002772,0.003141,3.375e-05,3.511e-05,3.507e-05,3.537e-05,3.615e-05,3.77e-05,3.921e-05,4.27e-05,4.645e-05,4.947e-05,5.249e-05,5.809e-05,5.968e-05,6.676e-05,7.051e-05,7.704e-05,8.212e-05,9.752e-05,3.399e-05,3.526e-05,3.423e-05,3.394e-05,3.444e-05,3.403e-05,3.423e-05,3.231e-05,2.958e-05,2.805e-05,3.076e-05,2.972e-05,2.827e-05,2.856e-05,1.936e-05,1.803e-05,2.935e-05,1.777e-05,3.496e-05,4.051e-05,5.749e-05,8.883e-05,0.0001356,0.0002088,0.0003166,0.0004613,0.000634,0.0008316,0.00105,0.001277,0.001493,0.001754,0.002076,0.002449,0.002852,0.003241
3.646e-05,4.636e-05,8.088e-05,0.0001404,0.0002312,0.0003761,0.000587,0.0008634,0.001199,0.001578,0.002009,0.002444,0.002875,0.003374,0.003997,0.00472,0.005482,0.006209,3.525e-05,3.76e-05,3.713e-05,3.771e-05,3.887e-05,3.932e-05,4.159e-05,4.547e-05,4.955e-05,5.189e-05,5.581e-05,6.054e-05,6.392e-05,7.084e-05,7.454e-05,8.375e-05,8.942e-05,0.0001002,3.592e-05,3.748e-05,3.674e-05,3.637e-05,3.675e-05,3.644e-05,3.738e-05,3.666e-05,3.309e-05,3.276e-05,3.682e-05,3.259e-05,3.649e-05,3.634e-05,2.873e-05,2.656e-05,3.965e-05,2.968e-05,3.714e-05,4.865e-05,8.28e-05,0.0001438,0.0002372,0.0003828,0.0005973,0.0008822,0.001228,0.001619,0.00205,0.0025,0.002936,0.003451,0.004092,0.004831,0.00562,0.006386
3.847e-05,5.377e-05,0.0001018,0.0001862,0.0003146,0.0005194,0.0008169,0.001208,0.001682,0.002218,0.002827,0.003445,0.004054,0.004759,0.00564,0.006664,0.007743,0.008772,3.768e-05,3.942e-05,3.939e-05,3.988e-05,4.085e-05,4.138e-05,4.392e-05,4.834e-05,5.219e-05,5.545e-05,5.886e-05,6.481e-05,6.858e-05,7.748e-05,7.992e-05,9.099e-05,9.534e-05,0.000105,3.765e-05,3.938e-05,3.887e-05,3.802e-05,3.961e-05,3.927e-05,4.097e-05,4.073e-05,3.82e-05,3.76e-05,4.175e-05,4.423e-05,4.303e-05,4.383e-05,3.847e-05,3.959e-05,4.808e-05,4.064e-05,3.864e-05,5.526e-05,0.000104,0.0001894,0.0003214,0.0005275,0.0008302,0.001234,0.001719,0.002272,0.002881,0.003514,0.004133,0.004857,0.005765,0.006815,0.007922,0.009003
3.598e-05,4.707e-05,8.159e-05,0.0001434,0.0002366,0.0003866,0.0006052,0.0008941,0.001245,0.001639,0.002087,0.002542,0.002991,0.00351,0.004159,0.004916,0.005707,0.006467,3.517e-05,3.689e-05,3.686e-05,3.709e-05,3.75e-05,3.752e-05,3.928e-05,4.269e-05,4.518e-05,4.717e-05,4.846e-05,5.394e-05,5.489e-05,6.071e-05,6.276e-05,6.778e-05,7.375e-05,8.207e-05,3.54e-05,3.674e-05,3.598e-05,3.525e-05,3.644e-05,3.602e-05,3.776e-05,3.736e-05,3.439e-05,3.435e-05,3.897e-05,3.718e-05,3.544e-05,3.663e-05,3.185e-05,3.227e-05,3.974e-05,3.366e-05,3.578e-05,4.825e-05,8.332e-05,0.0001463,0.0002427,0.0003934,0.0006141,0.0009098,0.001263,0.001667,0.002113,0.002576,0.003028,0.003556,0.004219,0.004989,0.005798,0.006593
3.249e-05,3.699e-05,5.28e-05,8.119e-05,0.0001248,0.0001946,0.000296,0.0004304,0.0005946,0.000778,0.0009877,0.001198,0.001408,0.001649,0.001953,0.002304,0.002673,0.003025,3.179e-05,3.324e-05,3.279e-05,3.323e-05,3.304e-05,3.237e-05,3.4e-05,3.637e-05,3.708e-05,3.718e-05,3.717e-05,4.067e-05,4.107e-05,4.383e-05,4.403e-05,4.744e-05,5.123e-05,5.57e-05,3.192e-05,3.326e-05,3.232e-05,3.176e-05,3.259e-05,3.232e-05,3.262e-05,3.143e-05,2.784e-05,2.771e-05,3.2e-05,2.888e-05,2.544e-05,2.532e-05,2.199e-05,1.61e-05,2.745e-05,2.081e-05,3.257e-05,3.877e-05,5.405e-05,8.381e-05,0.0001282,0.0001985,0.0003008,0.0004387,0.0006032,0.0007937,0.0009984,0.001214,0.001422,0.001669,0.001977,0.002335,0.002705,0.003082
3.079e-05,3.345e-05,4.396e-05,6.254e-05,9.112e-05,0.0001364,0.0002028,0.0002896,0.000397,0.000516,0.0006535,0.0007896,0.0009279,0.001084,0.001281,0.001513,0.001749,0.001978,3.01e-05,3.158e-05,3.14e-05,3.18e-05,3.151e-05,3.066e-05,3.168e-05,3.384e-05,3.481e-05,3.332e-05,3.25e-05,3.576e-05,3.465e-05,3.876e-05,3.952e-05,3.811e-05,4.28e-05,4.401e-05,3.072e-05,3.197e-05,3.105e-05,3.086e-05,3.163e-05,3.094e-05,3.145e-05,3.04e-05,2.68e-05,2.571e-05,2.962e-05,2.686e-05,2.249e-05,2.608e-05,1.804e-05,1.241e-05,1.889e-05,1.585e-05,3.125e-05,3.56e-05,4.527e-05,6.5e-05,9.353e-05,0.0001397,0.0002063,0.0002971,0.000404,0.0005302,0.000663,0.0008043,0.0009441,0.001105,0.001304,0.001538,0.001778,0.002023
3.052e-05,3.348e-05,4.391e-05,6.376e-05,9.339e-05,0.0001419,0.0002108,0.0003022,0.0004144,0.0005392,0.0006833,0.0008272,0.000972,0.001134,0.001345,0.001586,0.001833,0.002071,3.026e-05,3.125e-05,3.069e-05,3.088e-05,3.125e-05,2.989e-05,3.082e-05,3.293e-05,3.34e-05,3.239e-05,3.091e-05,3.522e-05,3.336e-05,3.724e-05,3.547e-05,3.614e-05,3.799e-05,2.898e-05,3.039e-05,3.123e-05,3.063e-05,3.061e-05,3.168e-05,3.014e-05,3.083e-05,3.108e-05,2.891e-05,2.61e-05,3.098e-05,2.92e-05,2.705e-05,2.331e-05,2.021e-05,1.79e-05,1.913e-05,1.672e-05,3.1e-05,3.531e-05,4.591e-05,6.589e-05,9.65e-05,0.000145,0.0002151,0.0003098,0.0004226,0.0005546,0.0006985,0.0008431,0.0009859,0.001158,0.001367,0.00162,0.001861,0.002118
3.003e-05,3.203e-05,3.89e-05,5.339e-05,7.426e-05,0.0001088,0.0001581,0.0002226,0.0003032,0.0003922,0.0004945,0.0005985,0.0007012,0.0008155,0.0009668,0.001143,0.001318,0.001486,2.954e-05,3.02e-05,2.952e-05,3.029e-05,2.985e-05,2.889e-05,2.919e-05,3.151e-05,3.186e-05,3.003e-05,2.837e-05,3.286e-05,3.075e-05,3.455e-05,3.042e-05,2.906e-05,3.541e-05,2.976e-05,2.925e-05,3.048e-05,2.952e-05,2.919e-05,3.008e-05,2.97e-05,2.947e-05,2.977e-05,2.664e-05,2.433e-05,3.035e-05,2.684e-05,2.149e-05,2.018e-05,1.95e-05,1.33e-05,1.196e-05,1.218e-05,3.03e-05,3.297e-05,4.079e-05,5.499e-05,7.677e-05,0.0001117,0.0001614,0.0002289,0.0003081,0.000403,0.0005062,0.0006091,0.0007134,0.0008317,0.0009855,0.001161,0.001337,0.001519
2.871e-05,2.936e-05,3.473e-05,4.382e-05,5.868e-05,8.227e-05,0.0001161,0.0001599,0.0002149,0.0002756,0.0003454,0.0004146,0.0004866,0.0005656,0.0006672,0.0007856,0.0009065,0.001021,2.819e-05,2.915e-05,2.856e-05,2.886e-05,2.857e-05,2.713e-05,2.793e-05,3.018e-05,3.049e-05,2.713e-05,2.634e-05,2.891e-05,2.883e-05,3.221e-05,2.846e-05,2.581e-05,2.973e-05,2.61e-05,2.806e-05,2.928e-05,2.828e-05,2.8e-05,2.897e-05,2.813e-05,2.809e-05,2.79e-05,2.429e-05,2.402e-05,2.814e-05,2.315e-05,2.064e-05,1.801e-05,1.738e-05,5.688e-06,9.444e-06,4.675e-06,2.92e-05,3.096e-05,3.601e-05,4.581e-05,6.087e-05,8.473e-05,0.0001184,0.000165,0.0002181,0.0002845,0.0003555,0.0004253,0.0004945,0.0005758,0.0006802,0.0008045,0.0009176,0.001044
2.683e-05,2.835e-05,3.231e-05,3.875e-05,5.02e-05,6.831e-05,9.389e-05,0.0001271,0.0001687,0.0002143,0.0002684,0.0003214,0.0003756,0.0004346,0.0005139,0.0006042,0.0006962,0.0007836,2.646e-05,2.834e-05,2.785e-05,2.802e-05,2.743e-05,2.643e-05,2.735e-05,2.882e-05,2.964e-05,2.583e-05,2.516e-05,2.672e-05,2.575e-05,2.906e-05,2.799e-05,2.305e-05,2.563e-05,1.864e-05,2.704e-05,2.811e-05,2.774e-05,2.729e-05,2.797e-05,2.701e-05,2.697e-05,2.668e-05,2.451e-05,2.163e-05,2.309e-05,2.384e-05,1.661e-05,1.952e-05,1.968e-05,3.122e-06,5.456e-06,1.145e-05,2.805e-05,2.962e-05,3.344e-05,4.123e-05,5.251e-05,7.07e-05,9.591e-05,0.0001309,0.0001715,0.000223,0.0002733,0.0003256,0.0003833,0.0004477,0.000523,0.0006222,0.0006973,0.0007978
2.603e-05,2.722e-05,3.003e-05,3.445e-05,4.306e-05,5.707e-05,7.698e-05,0.0001026,0.0001352,0.0001709,0.0002114,0.000253,0.0002962,0.0003424,0.000403,0.0004727,0.0005461,0.0006126,2.558e-05,2.698e-05,2.673e-05,2.697e-05,2.617e-05,2.547e-05,2.559e-05,2.71e-05,2.749e-05,2.311e-05,2.245e-05,2.544e-05,2.337e-05,2.478e-05,2.269e-05,1.651e-05,2.625e-05,1.44e-05,2.575e-05,2.716e-05,2.625e-05,2.613e-05,2.813e-05,2.621e-05,2.562e-05,2.57e-05,2.305e-05,2.233e-05,2.229e-05,2.264e-05,1.917e-05,1.505e-05,1.994e-05,6.948e-06,1.497e-06,6.157e-06,2.696e-05,2.816e-05,3.146e-05,3.646e-05,4.58e-05,5.934e-05,7.925e-05,0.0001061,0.0001366,0.000178,0.0002193,0.0002549,0.0003031,0.0003519,0.0004078,0.0004904,0.000545,0.0006196
2.454e-05,2.57e-05,2.808e-05,3.169e-05,3.963e-05,5.294e-05,7.051e-05,9.338e-05,0.0001233,0.0001551,0.0001924,0.0002306,0.000269,0.0003098,0.0003641,0.0004306,0.0004925,0.0005518,2.433e-05,2.502e-05,2.503e-05,2.493e-05,2.465e-05,2.334e-05,2.369e-05,2.479e-05,2.432e-05,2.021e-05,2.02e-05,2.279e-05,2.082e-05,2.232e-05,1.831e-05,1.213e-05,2.479e-05,7.633e-06,2.419e-05,2.529e-05,2.443e-05,2.43e-05,2.547e-05,2.483e-05,2.334e-05,2.382e-05,2.183e-05,2.034e-05,2.292e-05,1.921e-05,1.143e-05,1.474e-05,1.514e-05,4.058e-06,1.845e-07,9.6e-07,2.482e-05,2.567e-05,2.902e-05,3.353e-05,4.219e-05,5.488e-05,7.305e-05,9.754e-05,0.0001232,0.0001611,0.0002019,0.0002345,0.0002782,0.0003209,0.0003752,0.0004474,0.0004892,0.0005597
2.267e-05,2.354e-05,2.603e-05,2.963e-05,3.717e-05,4.974e-05,6.595e-05,8.78e-05,0.000115,0.0001456,0.0001798,0.0002152,0.0002529,0.0002909,0.0003395,0.0003999,0.0004608,0.0005141,2.262e-05,2.315e-05,2.31e-05,2.358e-05,2.251e-05,2.139e-05,2.198e-05,2.254e-05,2.283e-05,1.797e-05,1.646e-05,1.908e-05,1.802e-05,1.826e-05,1.408e-05,9.438e-06,2.019e-05,8.033e-06,2.262e-05,2.288e-05,2.294e-05,2.262e-05,2.383e-05,2.317e-05,2.161e-05,2.071e-05,2.092e-05,1.866e-05,2.041e-05,1.826e-05,9.258e-06,1.12e-05,1.679e-05,7.735e-07,1.392e-26,1.502e-06,2.3e-05,2.424e-05,2.703e-05,3.153e-05,3.96e-05,5.143e-05,6.856e-05,9.092e-05,0.0001163,0.0001523,0.0001875,0.0002188,0.0002623,0.0002993,0.0003499,0.0004199,0.0004538,0.0005151
2.093e-05,2.262e-05,2.431e-05,2.699e-05,3.409e-05,4.474e-05,5.892e-05,7.782e-05,0.0001013,0.0001286,0.0001579,0.0001889,0.0002218,0.0002556,0.0003011,0.0003477,0.0004037,0.0004475,2.01e-05,2.133e-05,2.123e-05,2.188e-05,2.072e-05,1.98e-05,2.032e-05,2.098e-05,2.144e-05,1.601e-05,1.462e-05,1.852e-05,1.573e-05,1.639e-05,1.431e-05,6.961e-06,1.705e-05,1.448e-06,2.143e-05,2.119e-05,2.134e-05,2.092e-05,2.248e-05,2.139e-05,1.936e-05,1.942e-05,2.015e-05,1.717e-05,1.703e-05,1.689e-05,8.034e-06,8.123e-06,1.69e-05,1.339e-26,1.44e-26,1.199e-06,2.145e-05,2.227e-05,2.5e-05,2.901e-05,3.59e-05,4.635e-05,6.098e-05,8.123e-05,0.0001019,0.000133,0.0001606,0.0001892,0.0002309,0.0002644,0.0003032,0.0003691,0.0003905,0.0004467
1.927e-05,2.104e-05,2.29e-05,2.405e-05,3.021e-05,3.927e-05,5.138e-05,6.796e-05,8.803e-05,0.0001109,0.0001363,0.0001624,0.0001899,0.0002182,0.0002574,0.0002985,0.000349,0.0003857,1.912e-05,1.994e-05,2.005e-05,2.039e-05,1.94e-05,1.857e-05,1.846e-05,1.904e-05,1.902e-05,1.394e-05,1.166e-05,1.662e-05,1.381e-05,1.446e-05,1.039e-05,3.325e-06,1.198e-05,3.534e-08,1.942e-05,1.99e-05,1.964e-05,1.929e-05,2.161e-05,1.954e-05,1.832e-05,1.782e-05,1.773e-05,1.471e-05,1.407e-05,1.727e-05,8.591e-06,1.03e-05,1.861e-05,1.391e-26,1.496e-26,2.898e-06,1.988e-05,2.047e-05,2.345e-05,2.604e-05,3.203e-05,4.122e-05,5.258e-05,7.11e-05,8.767e-05,0.0001135,0.0001409,0.0001578,0.0002001,0.0002224,0.0002585,0.0003154,0.000324,0.000382
1.795e-05,1.985e-05,2.04e-05,2.186e-05,2.723e-05,3.534e-05,4.557e-05,6.016e-05,7.836e-05,9.807e-05,0.0001195,0.0001446,0.0001677,0.0001917,0.0002226,0.0002657,0.0003053,0.0003378,1.84e-05,1.788e-05,1.804e-05,1.843e-05,1.763e-05,1.646e-05,1.645e-05,1.573e-05,1.673e-05,1.06e-05,1.015e-05,1.514e-05,1.163e-05,1.113e-05,5.71e-06,7.621e-27,1.034e-05,1.029e-26,1.789e-05,1.777e-05,1.797e-05,1.747e-05,1.903e-05,1.776e-05,1.608e-05,1.644e-05,1.48e-05,1.383e-05,1.297e-05,1.564e-05,1.897e-06,3.829e-06,1.472e-05,1.444e-26,1.554e-26,1.554e-26,1.795e-05,1.798e-05,2.149e-05,2.322e-05,2.867e-05,3.685e-05,4.71e-05,6.171e-05,7.661e-05,9.719e-05,0.0001258,0.0001385,0.0001757,0.000196,0.000225,0.0002767,0.0002806,0.0003305
1.573e-05,1.734e-05,1.888e-05,1.979e-05,2.498e-05,3.201e-05,4.109e-05,5.48e-05,7.057e-05,8.81e-05,0.0001075,0.000129,0.0001515,0.0001727,0.0002008,0.0002347,0.0002752,0.0003042,1.67e-05,1.621e-05,1.675e-05,1.673e-05,1.569e-05,1.49e-05,1.498e-05,1.475e-05,1.461e-05,9.315e-06,7.1e-06,1.326e-05,1.005e-05,6.936e-06,4.643e-06,7.927e-27,9.384e-06,1.07e-26,1.596e-05,1.618e-05,1.638e-05,1.609e-05,1.767e-05,1.616e-05,1.402e-05,1.344e-05,1.329e-05,1.253e-05,1.195e-05,1.188e-05,1.208e-06,1.915e-06,1.491e-05,1.503e-26,1.616e-26,1.616e-26,1.643e-05,1.696e-05,1.981e-05,2.074e-05,2.667e-05,3.367e-05,4.263e-05,5.461e-05,6.766e-05,8.812e-05,0.0001104,0.0001211,0.0001594,0.0001784,0.0002022,0.0002583,0.0002516,0.0002987
1.474e-05,1.628e-05,1.726e-05,1.804e-05,2.289e-05,2.908e-05,3.752e-05,4.982e-05,6.253e-05,7.896e-05,9.636e-05,0.0001162,0.0001367,0.0001567,0.0001819,0.0002089,0.0002443,0.0002712,1.463e-05,1.464e-05,1.509e-05,1.527e-05,1.428e-05,1.366e-05,1.378e-05,1.324e-05,1.295e-05,8.338e-06,5.932e-06,1.201e-05,7.776e-06,6.133e-06,4.871e-06,8.252e-27,7.415e-06,1.114e-26,1.46e-05,1.486e-05,1.539e-05,1.449e-05,1.605e-05,1.538e-05,1.26e-05,1.297e-05,1.145e-05,1.177e-05,6.892e-06,8.766e-06,8.404e-08,6.756e-07,1.874e-05,1.564e-26,1.682e-26,1.682e-26,1.522e-05,1.555e-05,1.824e-05,1.927e-05,2.397e-05,3.029e-05,3.862e-05,4.952e-05,5.843e-05,8.091e-05,9.619e-05,0.0001049,0.0001482,0.0001591,0.0001831,0.0002341,0.0002286,0.0002624
1.317e-05,1.528e-05,1.681e-05,1.659e-05,2.097e-05,2.664e-05,3.435e-05,4.471e-05,5.618e-05,7.163e-05,8.764e-05,0.0001043,0.0001216,0.0001413,0.0001649,0.0001869,0.0002222,0.0002441,1.38e-05,1.368e-05,1.471e-05,1.378e-05,1.389e-05,1.242e-05,1.267e-05,1.196e-05,1.156e-05,6.331e-06,4.777e-06,1.031e-05,6.548e-06,4.743e-06,1.053e-06,8.65e-27,1.224e-06,1.168e-26,1.391e-05,1.373e-05,1.425e-05,1.364e-05,1.605e-05,1.382e-05,1.063e-05,1.163e-05,9.7e-06,9.341e-06,5.132e-06,1.021e-05,9.608e-27,5.178e-08,1.227e-05,1.639e-26,1.763e-26,1.764e-26,1.424e-05,1.447e-05,1.684e-05,1.737e-05,2.233e-05,2.725e-05,3.571e-05,4.504e-05,5.247e-05,7.201e-05,8.567e-05,9.193e-05,0.00013,0.0001408,0.0001643,0.000202,0.0002027,0.0002312
1.244e-05,1.541e-05,1.557e-05,1.467e-05,1.927e-05,2.313e-05,3.006e-05,4.004e-05,4.84e-05,6.268e-05,7.487e-05,9.368e-05,0.0001036,0.0001209,0.0001378,0.0001615,0.0001959,0.0002103,1.269e-05,1.186e-05,1.288e-05,1.293e-05,1.187e-05,1.206e-05,1.162e-05,1.024e-05,9.89e-06,4.625e-06,4.847e-06,7.633e-06,4.498e-06,1.325e-06,7.696e-27,9.102e-27,1.952e-06,1.229e-26,1.239e-05,1.248e-05,1.247e-05,1.267e-05,1.433e-05,1.2e-05,9.648e-06,9.01e-06,9.993e-06,5.998e-06,6.188e-06,8.876e-06,1.011e-26,1.227e-26,1.428e-05,1.725e-26,1.856e-26,1.856e-26,1.285e-05,1.159e-05,1.631e-05,1.573e-05,2.008e-05,2.478e-05,3.022e-05,3.899e-05,4.696e-05,5.899e-05,8.027e-05,7.661e-05,0.0001152,0.000119,0.0001354,0.0001687,0.0001566,0.0001961
1.069e-05,1.405e-05,1.497e-05,1.355e-05,1.796e-05,2.14e-05,2.642e-05,3.507e-05,4.228e-05,5.448e-05,6.573e-05,7.838e-05,9.075e-05,0.0001036,0.0001189,0.0001384,0.0001732,0.0001831,1.156e-05,1.104e-05,1.24e-05,1.284e-05,1.119e-05,1.106e-05,1.081e-05,8.751e-06,7.692e-06,3.729e-06,3.707e-06,6.69e-06,2.612e-06,1.503e-07,8.07e-27,9.546e-27,1.099e-26,1.289e-26,1.175e-05,1.17e-05,1.25e-05,1.184e-05,1.259e-05,1.061e-05,8.849e-06,8.42e-06,8.134e-06,7.81e-06,5.346e-06,8.74e-06,1.06e-26,1.287e-26,1.772e-05,1.809e-26,1.946e-26,8.35e-07,1.257e-05,1.136e-05,1.437e-05,1.433e-05,1.802e-05,2.184e-05,2.635e-05,3.493e-05,3.939e-05,5.219e-05,6.598e-05,6.377e-05,0.0001001,0.0001092,0.0001192,0.0001532,0.0001424,0.0001716
1.011e-05,1.303e-05,1.377e-05,1.296e-05,1.641e-05,1.952e-05,2.315e-05,3.144e-05,3.653e-05,4.885e-05,5.622e-05,6.845e-05,7.764e-05,9.093e-05,0.0001031,0.0001166,0.0001477,0.0001557,1.062e-05,1.054e-05,1.213e-05,1.154e-05,9.86e-06,1.029e-05,9.809e-06,7.792e-06,6.858e-06,2.647e-06,4.429e-06,5.362e-06,3.099e-06,1.329e-07,8.458e-27,1e-26,1.151e-26,1.351e-26,1.088e-05,1.066e-05,1.197e-05,1.107e-05,1.168e-05,1.06e-05,7.424e-06,8.089e-06,6.448e-06,7.144e-06,7.728e-27,6.258e-06,1.111e-26,1.348e-26,1.825e-05,1.896e-26,2.039e-26,1.12e-06,1.08e-05,1.051e-05,1.394e-05,1.302e-05,1.677e-05,1.945e-05,2.425e-05,2.896e-05,3.302e-05,4.316e-05,5.295e-05,5.338e-05,8.915e-05,9.294e-05,0.0001031,0.0001195,0.0001246,0.000145
8.802e-06,1.168e-05,1.224e-05,1.142e-05,1.429e-05,1.615e-05,1.984e-05,2.757e-05,3.149e-05,4.191e-05,4.775e-05,5.841e-05,6.613e-05,7.676e-05,8.725e-05,9.887e-05,0.0001279,0.0001322,1.013e-05,9.434e-06,1.143e-05,1.074e-05,1.013e-05,9.843e-06,8.442e-06,6.853e-06,5.257e-06,2.364e-06,2.715e-06,1.716e-06,4.173e-07,7.072e-08,8.887e-27,1.051e-26,1.21e-26,1.419e-26,9.302e-06,9.746e-06,1.045e-05,9.727e-06,1.181e-05,9.517e-06,6.248e-06,6.289e-06,4.097e-06,5.276e-06,8.12e-27,6.126e-06,1.168e-26,1.417e-26,1.581e-05,1.992e-26,2.143e-26,2.143e-26,1.027e-05,9.702e-06,1.271e-05,1.106e-05,1.495e-05,1.702e-05,2.08e-05,2.458e-05,2.986e-05,3.678e-05,4.407e-05,4.072e-05,7.602e-05,7.724e-05,8.549e-05,0.0001052,0.0001043,0.0001269
8.436e-06,1.174e-05,1.144e-05,1.015e-05,1.373e-05,1.423e-05,1.76e-05,2.4e-05,2.66e-05,3.578e-05,4.053e-05,5.426e-05,5.496e-05,6.263e-05,7.246e-05,8.21e-05,0.0001074,0.000113,9.269e-06,8.336e-06,1.117e-05,1.051e-05,9.277e-06,8.404e-06,8.089e-06,4.882e-06,4.636e-06,1.258e-06,1.9e-07,2.254e-07,6.662e-27,7.862e-27,9.379e-27,1.109e-26,1.277e-26,1.498e-26,9.028e-06,9.065e-06,1.097e-05,8.597e-06,9.155e-06,7.64e-06,4.324e-06,4.092e-06,4.466e-06,2.426e-06,2.298e-08,3.453e-06,1.232e-26,1.495e-26,1.115e-05,2.103e-26,2.261e-26,2.262e-26,9.328e-06,9.513e-06,1.192e-05,1.073e-05,1.277e-05,1.556e-05,1.708e-05,2.043e-05,2.178e-05,2.82e-05,3.598e-05,3.408e-05,6.254e-05,6.337e-05,6.444e-05,7.957e-05,7.962e-05,0.0001087
6.624e-06,1.006e-05,1.016e-05,9.6e-06,1.226e-05,1.218e-05,1.513e-05,1.954e-05,2.205e-05,3.109e-05,3.378e-05,4.059e-05,4.621e-05,5.213e-05,5.386e-05,6.688e-05,9.477e-05,9.265e-05,8.925e-06,6.827e-06,1.01e-05,9.009e-06,7.482e-06,7.876e-06,7.051e-06,3.648e-06,3.047e-06,3.95e-27,6.223e-08,6.039e-27,7.062e-27,8.335e-27,9.942e-27,1.176e-26,1.354e-26,1.588e-26,7.672e-06,7.004e-06,9.396e-06,7.504e-06,8.43e-06,6.576e-06,3.571e-06,5.167e-06,4.571e-06,5.625e-06,1.909e-07,1.673e-06,1.306e-26,1.585e-26,8.041e-06,2.229e-26,2.397e-26,2.398e-26,8.143e-06,7.14e-06,1.127e-05,9.276e-06,1.177e-05,1.298e-05,1.454e-05,1.548e-05,1.67e-05,2.352e-05,2.826e-05,1.978e-05,4.94e-05,4.931e-05,5.511e-05,5.668e-05,5.554e-05,9.826e-05
6.09e-06,8.897e-06,9.543e-06,8.524e-06,1.115e-05,1.182e-05,1.31e-05,1.712e-05,1.799e-05,2.687e-05,2.852e-05,3.462e-05,3.324e-05,4.144e-05,4.711e-05,5.586e-05,8.434e-05,7.182e-05,7.666e-06,7.177e-06,8.96e-06,7.575e-06,6.471e-06,7.52e-06,6.037e-06,2.158e-06,1.497e-06,4.179e-27,1.297e-07,6.389e-27,7.47e-27,8.817e-27,1.052e-26,1.244e-26,1.432e-26,1.68e-26,7.205e-06,6.777e-06,9.113e-06,7.69e-06,6.623e-06,6.957e-06,1.839e-06,3.983e-06,3.207e-06,1.395e-06,9.61e-27,2.079e-06,1.382e-26,1.677e-26,6.673e-06,2.358e-26,2.536e-26,2.536e-26,7.358e-06,7.41e-06,1.045e-05,7.857e-06,1.028e-05,1.117e-05,1.376e-05,1.293e-05,1.351e-05,1.736e-05,1.808e-05,1.22e-05,4.156e-05,3.829e-05,5.005e-05,3.884e-05,4.672e-05,6.973e-05
5.945e-06,8.247e-06,9.213e-06,7.459e-06,1.034e-05,9.514e-06,1.067e-05,1.473e-05,1.454e-05,2.481e-05,2.464e-05,2.88e-05,2.709e-05,3.094e-05,3.661e-05,4.215e-05,6.694e-05,5.822e-05,6.681e-06,5.821e-06,8.614e-06,7.162e-06,5.863e-06,7.237e-06,4.63e-06,1.216e-06,3.399e-27,4.441e-27,5.599e-27,6.79e-27,7.94e-27,9.371e-27,1.118e-26,1.322e-26,1.522e-26,1.785e-26,6.967e-06,6.005e-06,8.735e-06,7.194e-06,6.801e-06,6.321e-06,1.23e-06,3.978e-06,2.875e-06,8.259e-27,1.021e-26,5.554e-07,1.469e-26,1.782e-26,1.724e-06,2.506e-26,2.695e-26,2.696e-26,6.87e-06,7.072e-06,9.673e-06,7.73e-06,8.912e-06,1.019e-05,1.14e-05,1.015e-05,1.232e-05,1.243e-05,1.166e-05,1.321e-05,3.452e-05,2.176e-05,4.241e-05,2.664e-05,2.821e-05,6.304e-05
5.022e-06,8.385e-06,7.892e-06,6.725e-06,9.958e-06,8.405e-06,8.981e-06,1.254e-05,1.149e-05,2.231e-05,1.992e-05,2.876e-05,2.287e-05,2.806e-05,2.562e-05,3.546e-05,5.844e-05,5.177e-05,6.892e-06,4.507e-06,7.708e-06,5.877e-06,5.99e-06,7.316e-06,4.605e-06,2.314e-07,3.619e-27,4.729e-27,5.961e-27,7.23e-27,8.454e-27,9.977e-27,1.19e-26,1.408e-26,1.62e-26,1.901e-26,6.383e-06,6.331e-06,9.499e-06,6.017e-06,5.258e-06,4.436e-06,6.261e-07,3.82e-06,4.156e-07,8.794e-27,1.087e-26,1.313e-26,1.564e-26,1.897e-26,2.267e-26,2.668e-26,2.87e-26,2.87e-26,6.053e-06,6.124e-06,9.388e-06,6.267e-06,8.436e-06,8.95e-06,8.137e-06,8.372e-06,9.407e-06,8.795e-06,8.177e-06,9.552e-06,2.248e-05,1.294e-05,2.81e-05,5.446e-06,2.544e-05,4.978e-05
4.22e-06,6.362e-06,6.092e-06,6.272e-06,9.54e-06,6.905e-06,7.114e-06,1.079e-05,7.765e-06,1.597e-05,1.573e-05,1.851e-05,1.497e-05,2.196e-05,1.591e-05,2.655e-05,4.35e-05,4.198e-05,5.747e-06,2.38e-06,8.4e-06,6.996e-06,5.284e-06,6.972e-06,4.051e-06,2.851e-27,3.903e-27,5.1e-27,6.43e-27,7.798e-27,9.118e-27,1.076e-26,1.284e-26,1.518e-26,1.748e-26,2.05e-26,5.511e-06,4.863e-06,7.45e-06,5.25e-06,3.887e-06,3.368e-06,3.671e-27,2.069e-06,7.339e-27,9.485e-27,1.173e-26,6.484e-08,1.686e-26,2.046e-26,2.445e-26,2.878e-26,3.095e-26,3.096e-26,5.197e-06,4.21e-06,7.74e-06,4.455e-06,9.054e-06,8.909e-06,7.229e-06,1.326e-06,8.732e-06,9.577e-06,7.205e-06,4.735e-06,1.58e-05,1.508e-05,1.938e-05,1.004e-05,3.051e-05,4.359e-05
4.08e-06,6.587e-06,5.338e-06,6.21e-06,9.479e-06,5.67e-06,5.707e-06,7.802e-06,7.267e-06,1.401e-05,1.402e-05,1.545e-05,1.085e-05,1.361e-05,5.876e-06,1.604e-05,3.957e-05,2.622e-05,3.351e-06,3.418e-06,6.946e-06,5.252e-06,4.705e-06,5.532e-06,3.711e-06,3.057e-27,4.185e-27,5.468e-27,6.894e-27,8.361e-27,9.776e-27,1.154e-26,1.376e-26,1.628e-26,1.874e-26,2.198e-26,5.698e-06,4.23e-06,8.27e-06,6.098e-06,2.434e-06,2.604e-06,3.937e-27,2.113e-06,7.869e-27,1.017e-26,1.258e-26,2.417e-07,1.583e-07,2.194e-26,2.621e-26,3.086e-26,3.861e-06,3.319e-26,4.073e-06,5.381e-06,5.512e-06,4.191e-06,7.271e-06,6.859e-06,7.133e-06,1.21e-06,2.927e-06,7.835e-06,2.777e-07,3.404e-06,1.079e-05,4.542e-06,1.839e-05,3.124e-26,2.364e-05,4.28e-05
4.146e-06,5.556e-06,4.925e-06,5.759e-06,8.193e-06,5.073e-06,4.155e-06,6.006e-06,4.556e-06,1.127e-05,1.435e-05,1.324e-05,8.044e-06,8.565e-06,5.2e-06,1.501e-05,3.167e-05,2.12e-05,3.683e-06,3.329e-06,7.765e-06,4.445e-06,4.105e-06,5.829e-06,2.404e-06,3.294e-27,4.509e-27,5.892e-27,7.428e-27,9.009e-27,1.053e-26,1.243e-26,1.483e-26,1.754e-26,2.019e-26,2.368e-26,6.14e-06,4.249e-06,8.385e-06,4.956e-06,1.888e-06,2.484e-06,4.241e-27,1.337e-07,8.479e-27,1.096e-26,1.355e-26,1.636e-26,2.147e-07,2.364e-26,2.824e-26,3.325e-26,1.727e-05,3.576e-26,3.838e-06,4.387e-06,6.647e-06,1.61e-06,5.361e-06,4.871e-06,5.732e-06,1.585e-06,6.253e-06,5.218e-06,2.549e-07,2.309e-07,1.968e-26,1.582e-06,1.571e-05,3.366e-26,1.277e-05,3.993e-05
4.157e-06,5.307e-06,3.659e-06,5.114e-06,8.973e-06,5.356e-06,3.376e-06,3.7e-06,4.572e-06,1.069e-05,1.165e-05,1.269e-05,4.096e-06,5.319e-06,2.183e-06,7.749e-06,3.41e-05,1.682e-05,3.453e-06,3.822e-06,6.772e-06,4.459e-06,4.424e-06,6.783e-06,3.038e-06,3.567e-27,4.883e-27,1.114e-06,8.044e-27,9.755e-27,1.141e-26,1.346e-26,1.606e-26,1.899e-26,2.186e-26,2.565e-26,4.91e-06,2.9e-06,7.03e-06,3.889e-06,1.096e-06,1.588e-06,4.593e-27,6.748e-27,9.182e-27,1.187e-26,1.467e-26,1.771e-26,2.11e-26,2.56e-26,3.058e-26,3.6e-26,1.005e-05,3.873e-26,3.547e-06,4.439e-06,6.981e-06,2.496e-06,4.19e-06,6.23e-06,5.262e-06,6.516e-07,9.256e-06,2.263e-06,1.416e-07,1.792e-26,5.034e-06,8.792e-07,9.954e-06,3.645e-26,1.13e-05,3.968e-05
4.839e-06,4.316e-06,4.242e-06,4.799e-06,8.203e-06,5.144e-06,1.622e-06,3.362e-06,3.521e-06,8.866e-06,7.131e-06,3.884e-06,2.95e-06,1.799e-06,1.316e-26,5.417e-07,1.15e-05,1.721e-06,3.331e-06,2.047e-06,7.655e-06,3.484e-06,3.65e-06,6.389e-06,1.952e-06,3.886e-27,5.321e-27,1.683e-07,8.765e-27,1.063e-26,1.243e-26,1.467e-26,1.75e-26,2.07e-26,2.382e-26,2.795e-26,5.134e-06,2.644e-06,7.254e-06,3.668e-06,7.377e-08,7.869e-07,5.005e-27,7.354e-27,1.001e-26,1.293e-26,1.599e-26,1.93e-26,2.299e-26,2.79e-26,3.333e-26,3.923e-26,4.681e-06,4.22e-26,4.033e-06,5.523e-06,6.695e-06,2.921e-06,5.396e-06,4.123e-06,2.929e-06,7.426e-27,5.122e-06,1.737e-07,1.621e-26,2.902e-06,7.607e-07,2.813e-26,1e-05,3.972e-26,1.599e-05,3.975e-05
4.251e-06,3.35e-06,2.18e-06,4.91e-06,7.592e-06,4.053e-06,9.677e-07,3.281e-07,1.269e-06,5.453e-06,7.759e-06,4.158e-07,1.036e-26,1.219e-26,1.442e-26,1.703e-26,1.37e-05,2.235e-26,4.072e-06,4.126e-06,6.504e-06,2.804e-06,2.199e-06,6.559e-06,4.722e-06,4.257e-27,5.828e-27,7.615e-27,9.6e-27,1.164e-26,1.361e-26,1.607e-26,1.917e-26,2.267e-26,2.609e-26,3.061e-26,4.792e-06,1.55e-06,8.883e-06,3.616e-06,3.594e-27,6.659e-07,5.482e-27,8.055e-27,1.096e-26,1.416e-26,1.751e-26,2.114e-26,2.518e-26,3.056e-26,3.65e-26,4.297e-26,1.416e-06,4.623e-26,5.137e-06,4.533e-06,5.286e-06,2.41e-06,4.877e-06,4.951e-06,2.256e-07,8.134e-27,7.384e-06,1.436e-26,1.775e-26,8.625e-06,2.543e-26,3.082e-26,3.683e-26,4.35e-26,4.407e-06,4.263e-05
4.702e-06,2.945e-06,1.815e-06,4.158e-06,7.559e-06,3.683e-06,2.05e-06,3.937e-27,3.896e-07,2.541e-06,3.046e-06,9.714e-27,1.135e-26,1.336e-26,1.579e-26,1.865e-26,6.703e-06,2.448e-26,3.736e-06,5.275e-06,7.802e-06,4.199e-06,3.27e-06,7.184e-06,3.567e-06,4.663e-27,6.383e-27,2.307e-06,1.565e-06,1.275e-26,1.491e-26,1.76e-26,2.099e-26,2.483e-26,2.858e-26,3.353e-26,5.542e-06,1.065e-06,1.01e-05,2.448e-06,3.937e-27,1.677e-06,6.005e-27,8.822e-27,1.2e-26,1.551e-26,1.918e-26,2.316e-26,2.758e-26,3.347e-26,3.998e-26,4.707e-26,3.466e-06,5.063e-26,4.746e-06,6.295e-06,7.151e-06,2.176e-06,4.416e-06,3.603e-06,4.06e-07,8.909e-27,1.371e-05,1.573e-26,1.945e-26,4.753e-06,2.786e-26,3.375e-26,4.034e-26,4.765e-26,1.181e-05,4.029e-05
4.606e-06,1.757e-06,1.462e-06,3.812e-06,7.792e-06,4.06e-06,2.831e-07,4.322e-27,3.909e-07,7.969e-07,1.814e-06,1.067e-26,1.246e-26,1.467e-26,1.734e-26,2.048e-26,2.081e-06,2.688e-26,1.84e-06,4.99e-06,8.24e-06,2.546e-06,5.494e-06,8.674e-06,1.917e-06,5.12e-27,7.009e-27,5.324e-06,1.57e-06,1.4e-26,1.637e-26,1.577e-06,2.305e-26,2.727e-26,3.138e-26,5.125e-06,4.251e-06,2.668e-07,8.781e-06,2.982e-06,4.322e-27,4.68e-08,6.593e-27,9.687e-27,1.318e-26,1.703e-26,2.106e-26,2.543e-26,3.029e-26,3.675e-26,4.39e-26,5.168e-26,6.841e-07,5.559e-26,3.639e-06,4.912e-06,4.36e-06,1.881e-06,2.522e-06,3.052e-06,4.073e-07,9.782e-27,1.137e-05,1.727e-26,2.135e-26,1.576e-05,3.059e-26,3.706e-26,4.429e-26,5.232e-26,2.605e-06,4.341e-05
5.423e-06,4.225e-07,4.746e-27,4.74e-06,6.886e-06,5.016e-06,6.806e-08,4.746e-27,5.793e-27,1.261e-07,2.365e-06,1.171e-26,1.369e-26,1.61e-26,1.904e-26,2.249e-26,8.25e-07,2.951e-26,2.942e-06,5.103e-06,8.114e-06,2.416e-06,4.544e-06,8.232e-06,1.731e-06,5.622e-27,7.696e-27,6.236e-06,1.268e-26,1.538e-26,1.798e-26,6.253e-07,2.531e-26,2.994e-26,3.446e-26,6.124e-06,6.696e-06,1.323e-06,8.521e-06,2.352e-06,4.746e-27,4.746e-27,7.239e-27,1.064e-26,1.447e-26,1.87e-26,2.313e-26,2.792e-26,3.325e-26,4.035e-26,4.82e-26,5.675e-26,2.713e-07,6.104e-26,4.358e-06,5.39e-06,6.822e-06,1.508e-06,4.798e-06,3.544e-06,3.123e-07,1.074e-26,1.549e-06,1.896e-26,2.345e-26,1.402e-05,3.359e-26,4.07e-26,4.863e-26,5.745e-26,8.899e-07,2.843e-05
3.927e-06,4.655e-07,5.282e-27,5.643e-06,5.824e-06,5.999e-06,5.282e-27,5.282e-27,6.447e-27,8.449e-27,1.288e-07,1.304e-26,1.523e-26,1.792e-26,2.119e-26,2.502e-26,2.902e-26,3.285e-26,2.961e-06,7.279e-06,7.284e-06,2.115e-06,7.077e-06,8.952e-06,3.809e-06,1.653e-06,8.565e-27,7.123e-06,1.411e-26,1.711e-26,2.001e-26,2.362e-26,2.817e-26,3.332e-26,3.835e-26,2.129e-05,4.729e-06,3.466e-06,1.201e-05,5.442e-07,5.282e-27,4.256e-07,8.057e-27,1.184e-26,1.611e-26,2.081e-26,2.574e-26,3.107e-26,3.701e-26,4.491e-26,5.365e-26,6.316e-26,1.14e-06,6.794e-26,4.672e-06,5.377e-06,3.492e-06,3.814e-06,3.625e-06,4.655e-06,1.999e-08,1.195e-26,1.131e-07,2.111e-26,2.609e-26,1.735e-05,3.738e-26,4.529e-26,5.413e-26,6.394e-26,9.53e-06,2.953e-05
5.634e-06,5.878e-27,5.878e-27,5.89e-06,7.072e-06,4.635e-06,5.878e-27,5.878e-27,7.174e-27,9.401e-27,1.193e-26,1.45e-26,1.695e-26,1.994e-26,2.358e-26,2.785e-26,3.23e-26,3.655e-26,8.531e-07,1.05e-05,1.023e-05,4.014e-06,7.018e-06,8.61e-06,4.379e-06,1.114e-06,9.531e-27,1.247e-05,1.57e-26,1.904e-26,2.227e-26,2.628e-26,3.135e-26,3.655e-07,4.268e-26,1.45e-05,7.1e-06,3.918e-06,1.261e-05,3.044e-06,5.878e-27,2.58e-06,8.965e-27,1.317e-26,1.792e-26,2.316e-26,2.864e-26,3.458e-26,4.118e-26,4.997e-26,5.97e-26,7.028e-26,7.559e-26,7.56e-26,3.971e-06,8.333e-06,3.94e-06,2.327e-06,5.394e-06,3.483e-06,1.488e-07,1.33e-26,3.998e-06,2.349e-26,2.904e-26,2.871e-05,4.16e-26,5.04e-26,6.023e-26,7.114e-26,1.691e-05,2.807e-05
8.23e-06,6.526e-27,6.526e-27,1.656e-06,5.4e-06,3.469e-06,6.526e-27,6.526e-27,7.965e-27,1.044e-26,1.325e-26,1.61e-26,1.882e-26,2.214e-26,2.618e-26,3.092e-26,3.586e-26,4.058e-26,1.255e-06,8.772e-06,1.243e-05,4.606e-06,1.053e-05,8.647e-06,4.015e-06,1.06e-06,1.314e-06,6.112e-06,1.743e-26,2.114e-26,2.472e-26,2.918e-26,3.48e-26,7.132e-07,4.738e-26,1.601e-05,7.267e-06,1.575e-06,1.018e-05,2.01e-06,6.526e-27,6.526e-27,9.954e-27,1.463e-26,1.99e-26,2.572e-26,3.18e-26,3.839e-26,4.573e-26,5.549e-26,6.628e-26,7.803e-26,8.392e-26,8.394e-26,5.184e-06,8.318e-06,3.164e-06,4.431e-06,4.004e-06,2.827e-06,2.904e-07,1.477e-26,9.093e-06,2.608e-26,3.224e-26,3.82e-05,4.618e-26,5.596e-26,6.687e-26,7.899e-26,8.423e-26,2.952e-05
